"date","order_id","asin","disposition","reason","comments"
2025-03-25 22:44:42,"114-4965073-4828227","B0DBZGL9YS","CUSTOMER_DAMAGED","UNWANTED_ITEM",""
2025-03-25 20:17:12,"113-2110971-5697057","B0DBVMLB8P","CUSTOMER_DAMAGED","NOT_AS_DESCRIBED",""
2025-03-25 19:24:22,"112-1729861-5980254","B0DBYX9CK6","SELLABLE","QUALITY_UNACCEPTABLE","Too thin and wouldn&#39;t lay out very well."
2025-03-25 18:21:37,"113-0231235-2499442","B0DBYP9F11","SELLABLE","NOT_AS_DESCRIBED","The color does not reflect description"
2025-03-25 11:55:49,"112-7299613-8600219","B0DQ8FXRDX","CUSTOMER_DAMAGED","UNWANTED_ITEM",""
2025-03-25 09:26:41,"113-1838967-7361857","B0DBYP9F11","SELLABLE","APPAREL_TOO_LARGE","Too large"
2025-03-25 08:30:25,"114-2933262-8106629","B0DBYLGSS5","SELLABLE","UNWANTED_ITEM","Ordered two"
2025-03-25 08:05:36,"111-1612268-1994631","B0DBYW49QF","SELLABLE","NOT_AS_DESCRIBED","It does not look like the photo."
2025-03-25 06:28:38,"112-3479078-7889049","B0DBVM69Y6","SELLABLE","UNWANTED_ITEM","The color did not work in the space"
2025-03-25 01:49:09,"112-5604716-1975405","B0DBYP9F11","SELLABLE","NOT_AS_DESCRIBED","Way too wrinkled and thin"
2025-03-24 22:47:28,"113-3063616-1024205","B0DBYZ1P1H","SELLABLE","UNWANTED_ITEM","Product looks different then online"
2025-03-24 18:38:56,"114-7997014-5764208","B0DBYV567L","CUSTOMER_DAMAGED","NOT_AS_DESCRIBED",""
2025-03-24 17:43:51,"111-3355204-1670637","B0DBVPWW8F","SELLABLE","UNWANTED_ITEM","Hgffunv"
2025-03-24 13:23:03,"113-5187440-9570614","B0DBYMRB1C","SELLABLE","APPAREL_TOO_LARGE","Bigger than I wanted"
2025-03-24 13:01:06,"113-5964803-9783449","B0DBYMRB1C","CUSTOMER_DAMAGED","QUALITY_UNACCEPTABLE",""
2025-03-24 07:52:00,"113-2022592-9860234","B0DQ8PNQMC","CUSTOMER_DAMAGED","NOT_AS_DESCRIBED",""
2025-03-24 07:35:40,"112-9198795-7673834","B0DBY8NGRN","CUSTOMER_DAMAGED","UNWANTED_ITEM",""
2025-03-23 21:55:09,"114-1628522-4703458","B0DBVPWW8F","SELLABLE","NOT_AS_DESCRIBED","Too much blue shade in carpet expecting more greens"
2025-03-23 20:51:19,"112-6426874-6542625","B0DBYY5XMP","CUSTOMER_DAMAGED","NOT_AS_DESCRIBED",""
2025-03-23 15:38:49,"112-7620723-0181036","B0DBZ4M9KK","CUSTOMER_DAMAGED","UNWANTED_ITEM",""
2025-03-23 10:31:32,"113-3535596-2051442","B0DBYVNMF8","SELLABLE","UNWANTED_ITEM","Liked the other one"
2025-03-23 08:40:30,"114-4872559-2107431","B0DBYP9F11","SELLABLE","UNWANTED_ITEM","No longer need"
2025-03-22 15:35:21,"112-4283968-2198665","B0DBYVNMF8","CUSTOMER_DAMAGED","NO_REASON_GIVEN",""
2025-03-22 13:07:10,"114-3949129-2017814","B0DBZGL9YS","SELLABLE","MISSED_ESTIMATED_DELIVERY","Na"
2025-03-22 11:13:59,"114-3887059-8745833","B0DBZ1H9PP","CUSTOMER_DAMAGED","APPAREL_TOO_LARGE",""
2025-03-22 11:06:54,"113-9508590-0390661","B0DBVN24HV","SELLABLE","NOT_AS_DESCRIBED","Not as pictured"
2025-03-22 06:09:27,"112-5280002-4009867","B0DBYT5KQ7","CUSTOMER_DAMAGED","UNWANTED_ITEM",""
2025-03-22 05:20:20,"111-2849185-0974601","B0DBZ3PDH4","SELLABLE","NOT_AS_DESCRIBED","Differences between screens and colors"
2025-03-22 02:20:46,"111-6012178-2095427","B0DBVM2KQN","SELLABLE","ORDERED_WRONG_ITEM","Does mot match other decor."
2025-03-21 22:59:59,"112-7250018-9757855","B0DBYZ1P1H","CUSTOMER_DAMAGED","ORDERED_WRONG_ITEM",""
2025-03-21 15:53:35,"114-3892333-5765010","B0DBVMLB8P","CUSTOMER_DAMAGED","ORDERED_WRONG_ITEM",""
2025-03-21 12:19:22,"111-0592576-8244266","B0DBYMRB1C","CUSTOMER_DAMAGED","DEFECTIVE",""
2025-03-21 10:18:34,"112-1871301-4569835","B0DBYV7V8N","CUSTOMER_DAMAGED","ORDERED_WRONG_ITEM",""
2025-03-21 08:14:17,"114-0515928-0997011","B0DBYZ1P1H","CUSTOMER_DAMAGED","DEFECTIVE",""
2025-03-21 08:08:10,"111-7970338-6426617","B0DBZB9JY5","CUSTOMER_DAMAGED","UNWANTED_ITEM",""
2025-03-21 07:57:53,"111-0928031-3262650","B0DBYY5XMP","DEFECTIVE","SWITCHEROO","Wrong color and pattern"
2025-03-21 07:49:07,"111-4803165-3575466","B0DBYLGSS5","CUSTOMER_DAMAGED","APPAREL_TOO_LARGE",""
2025-03-21 07:48:45,"114-5911366-5111462","B0DQ8CQ71N","CUSTOMER_DAMAGED","APPAREL_TOO_SMALL",""
2025-03-21 04:35:00,"113-9286034-7781002","B0DBYXH8YW","SELLABLE","NO_REASON_GIVEN",""
2025-03-21 03:49:46,"112-4809288-1525003","B0DBVM7S5P","CUSTOMER_DAMAGED","APPAREL_TOO_SMALL",""
2025-03-20 21:55:01,"112-0720423-0956239","B0DBZ76XQH","CUSTOMER_DAMAGED","DEFECTIVE",""
2025-03-20 20:49:27,"111-3790321-2628231","B0DBYMRB1C","SELLABLE","QUALITY_UNACCEPTABLE","Flimsy"
2025-03-20 20:49:27,"111-3790321-2628231","B0DBYMRB1C","SELLABLE","QUALITY_UNACCEPTABLE","Flimsy"
2025-03-20 18:57:09,"113-6014665-1921051","B0DBYVNMF8","CUSTOMER_DAMAGED","SWITCHEROO",""
2025-03-20 16:25:38,"113-9973332-0975401","B0DBVMLB8P","DEFECTIVE","ORDERED_WRONG_ITEM","wrong color"
2025-03-20 15:48:29,"114-7133329-3815420","B0DBYVNMF8","CUSTOMER_DAMAGED","NOT_AS_DESCRIBED",""
2025-03-20 10:03:47,"114-4045506-2441840","B0DBYYXW44","CUSTOMER_DAMAGED","NOT_AS_DESCRIBED",""
2025-03-20 09:58:48,"114-7170567-4505823","B0DBYP9F11","CUSTOMER_DAMAGED","UNWANTED_ITEM",""
2025-03-20 08:55:31,"111-7349307-1529815","B0DBZ697XG","SELLABLE","UNWANTED_ITEM","Don’t like"
2025-03-20 06:25:08,"112-1415133-6846650","B0DBVJDNXF","SELLABLE","NO_REASON_GIVEN",""
2025-03-20 05:13:32,"111-2223846-1784206","B0DBYT5KQ7","CUSTOMER_DAMAGED","APPAREL_TOO_SMALL",""
2025-03-19 20:59:48,"112-8971215-5434627","B0DBYY5XMP","SELLABLE","QUALITY_UNACCEPTABLE","Too fake looking"
2025-03-19 20:01:50,"112-4438430-1294662","B0DBVN24HV","CUSTOMER_DAMAGED","MISSING_PARTS",""
2025-03-19 19:01:00,"112-6144888-6941046","B0DBYVNMF8","SELLABLE","NOT_AS_DESCRIBED","Colors were a bit off"
2025-03-19 12:14:39,"114-4140870-7057834","B0DBZ3PDH4","CUSTOMER_DAMAGED","ORDERED_WRONG_ITEM",""
2025-03-19 11:04:37,"112-0316067-7025030","B0DBYX9CK6","SELLABLE","NEVER_ARRIVED",""
2025-03-19 10:37:40,"114-9429464-3716263","B0DBZ7YNH5","CARRIER_DAMAGED","UNWANTED_ITEM",""
2025-03-19 06:51:21,"113-2412352-3753004","B0DBZGL9YS","CUSTOMER_DAMAGED","DEFECTIVE",""
2025-03-19 04:17:58,"111-6760246-2168237","B0DBYVNMF8","CUSTOMER_DAMAGED","NOT_AS_DESCRIBED",""
2025-03-19 00:27:34,"113-9691387-6181808","B0DBYY5XMP","CUSTOMER_DAMAGED","MISSING_PARTS",""
2025-03-18 22:24:29,"113-6613510-2477856","B0DBVMLB8P","SELLABLE","UNWANTED_ITEM","Color not as expected"
2025-03-18 21:19:08,"111-4560823-1394665","B0DBY8NGRN","CUSTOMER_DAMAGED","NOT_AS_DESCRIBED",""
2025-03-18 17:16:58,"113-3990521-9297837","B0DBYX9CK6","CUSTOMER_DAMAGED","APPAREL_TOO_LARGE",""
2025-03-18 16:29:08,"111-3790321-2628231","B0DBYT5KQ7","CUSTOMER_DAMAGED","QUALITY_UNACCEPTABLE",""
2025-03-18 10:25:28,"111-7530126-0201033","B0DBVPWW8F","SELLABLE","APPAREL_TOO_LARGE","Didn’t got my space as I  wanted .   Great colors and rug for the price ."
2025-03-18 10:23:12,"111-7530126-0201033","B0DBVPWW8F","CUSTOMER_DAMAGED","APPAREL_TOO_LARGE",""
2025-03-18 10:22:12,"113-1188408-4886624","B0DBVPWW8F","SELLABLE","UNWANTED_ITEM","Color"
2025-03-18 10:07:21,"112-6476792-8301858","B0DBVM69Y6","SELLABLE","ORDERED_WRONG_ITEM","Bought by mistake"
2025-03-18 02:52:29,"112-0618971-3010626","B0DBYYVZMX","CUSTOMER_DAMAGED","DEFECTIVE",""
2025-03-18 01:19:47,"112-6155540-6077023","B0DBYV567L","CUSTOMER_DAMAGED","APPAREL_TOO_LARGE",""
2025-03-18 01:09:12,"113-0615739-5370603","B0DBYP9F11","SELLABLE","NOT_AS_DESCRIBED","color"
2025-03-17 21:03:57,"112-1198707-0501803","B0DBYSVWYJ","CUSTOMER_DAMAGED","FOUND_BETTER_PRICE",""
2025-03-17 17:00:27,"114-8079429-5987467","B0DBZ1H9PP","CUSTOMER_DAMAGED","UNWANTED_ITEM",""
2025-03-17 16:04:34,"114-3454802-7304212","B0DBVN24HV","SELLABLE","APPAREL_TOO_LARGE","Too large"
2025-03-17 13:18:39,"114-3410318-0773866","B0DBYXH8YW","CUSTOMER_DAMAGED","APPAREL_TOO_SMALL",""
2025-03-17 11:05:42,"112-5014346-5650651","B0DBVM7S5P","CUSTOMER_DAMAGED","APPAREL_TOO_SMALL",""
2025-03-17 07:29:56,"111-4978700-6176217","B0DBVM69Y6","SELLABLE","UNDELIVERABLE_REFUSED",""
2025-03-17 06:54:23,"113-7948045-9679429","B0DBVMLB8P","SELLABLE","UNWANTED_ITEM","The green didn’t match my furniture."
2025-03-17 04:53:40,"111-2250381-8291420","B0DBYV7V8N","SELLABLE","UNWANTED_ITEM","Doesn’t match decor anymore"
2025-03-16 23:32:13,"111-1752000-9958643","B0DBYP9F11","SELLABLE","UNWANTED_ITEM","I want a bigger one"
2025-03-16 18:55:02,"111-4972498-5304210","B0DBYV567L","SELLABLE","UNWANTED_ITEM","I went with a different color scheme"
2025-03-16 11:04:57,"112-0306300-5106647","B0DBYYXW44","CUSTOMER_DAMAGED","APPAREL_TOO_LARGE",""
2025-03-16 01:40:06,"114-9803939-4964263","B0DBYLGSS5","CUSTOMER_DAMAGED","UNWANTED_ITEM",""
2025-03-15 14:36:15,"113-1054854-5997018","B0DBYYVZMX","SELLABLE","NO_REASON_GIVEN",""
2025-03-15 13:15:31,"113-8625607-5221025","B0DQ8FXRDX","CUSTOMER_DAMAGED","UNWANTED_ITEM",""
2025-03-15 10:53:47,"112-8800135-3157065","B0DBYZ1P1H","SELLABLE","UNWANTED_ITEM","Colors not as expected"
2025-03-15 05:45:00,"111-2542007-1780235","B0DBYLGSS5","CUSTOMER_DAMAGED","DEFECTIVE",""
2025-03-15 02:51:48,"111-9343187-5575416","B0DBVJDNXF","SELLABLE","MISSED_ESTIMATED_DELIVERY","arrived too late"
2025-03-14 20:48:42,"111-7174795-4552261","B0DBVM69Y6","CUSTOMER_DAMAGED","NOT_AS_DESCRIBED",""
2025-03-14 20:10:48,"111-7239334-4738646","B0DBZ4M9KK","SELLABLE","UNWANTED_ITEM","Item not opened or used still sealed."
2025-03-14 18:12:55,"111-3525734-8285044","B0DBZ526W9","CUSTOMER_DAMAGED","ORDERED_WRONG_ITEM",""
2025-03-14 18:08:30,"114-9024971-9509857","B0DBVJDNXF","SELLABLE","UNAUTHORIZED_PURCHASE","Just wasn’t the color I was expecting."
2025-03-14 16:15:40,"113-7324571-1327448","B0DBVM69Y6","SELLABLE","UNWANTED_ITEM","Color is different than expected."
2025-03-13 05:50:17,"113-3925356-2705810","B0DBY8NGRN","CUSTOMER_DAMAGED","MISORDERED",""
2025-03-13 05:38:47,"113-1950964-7331402","B0DBVM69Y6","SELLABLE","UNAUTHORIZED_PURCHASE","2 were purchased."
2025-03-13 04:47:14,"112-8800135-3157065","B0DBVMLB8P","SELLABLE","UNWANTED_ITEM","Colors not as expected"
2025-03-12 23:54:14,"114-8793876-9624216","B0DBYVNMF8","SELLABLE","UNWANTED_ITEM","Chose a different rug"
2025-03-12 23:00:51,"112-3634914-3081842","B0DBYVNMF8","CUSTOMER_DAMAGED","UNWANTED_ITEM",""
2025-03-12 21:15:31,"114-5208355-9724218","B0DBYVNMF8","CUSTOMER_DAMAGED","UNWANTED_ITEM",""
2025-03-12 16:58:36,"111-0481882-4923402","B0DBVPWW8F","CUSTOMER_DAMAGED","UNWANTED_ITEM",""
2025-03-12 11:18:39,"114-3364608-3166639","B0DBYV567L","SELLABLE","QUALITY_UNACCEPTABLE",""
2025-03-12 08:52:45,"113-5267315-3780237","B0DBZB9JY5","CUSTOMER_DAMAGED","APPAREL_TOO_LARGE",""
2025-03-12 08:12:36,"111-7884364-8450651","B0DBYV567L","CUSTOMER_DAMAGED","APPAREL_TOO_LARGE",""
2025-03-12 06:32:25,"112-5452654-3879456","B0DBYVNMF8","CUSTOMER_DAMAGED","UNWANTED_ITEM",""
2025-03-12 05:59:07,"113-7310581-5032233","B0DBVPWW8F","CUSTOMER_DAMAGED","APPAREL_TOO_SMALL",""
2025-03-12 05:17:23,"112-5338153-2366622","B0DBVJDNXF","CUSTOMER_DAMAGED","MISORDERED",""
2025-03-12 04:13:30,"113-5514136-9546626","B0DBVJDNXF","CUSTOMER_DAMAGED","APPAREL_TOO_SMALL",""
2025-03-12 02:36:50,"111-1727766-3969006","B0DBVJDNXF","SELLABLE","UNWANTED_ITEM","I need to order a bigger size for my space. Rug was too small for the space."
2025-03-12 01:11:48,"112-9355743-7450643","B0DBZ697XG","SELLABLE","UNWANTED_ITEM","color wrong"
2025-03-12 01:00:17,"112-9320764-5153053","B0DBYSVWYJ","CUSTOMER_DAMAGED","DEFECTIVE",""
2025-03-11 23:10:21,"111-3636142-0933055","B0DBYVNMF8","CUSTOMER_DAMAGED","UNWANTED_ITEM",""
2025-03-11 18:39:42,"111-9384371-2483454","B0DBVPWW8F","SELLABLE","NO_REASON_GIVEN",""
2025-03-11 12:47:06,"114-2985623-5394623","B0DBYSVWYJ","SELLABLE","APPAREL_TOO_LARGE","It did not fit the space I needed it for"
2025-03-11 11:05:26,"113-2806163-8546657","B0DBYX9CK6","CUSTOMER_DAMAGED","ORDERED_WRONG_ITEM",""
2025-03-11 10:16:54,"113-7695091-8360246","B0DBY8NGRN","CUSTOMER_DAMAGED","NO_REASON_GIVEN",""
2025-03-11 07:02:03,"114-1142015-8237013","B0DBYMRB1C","CUSTOMER_DAMAGED","APPAREL_TOO_LARGE",""
2025-03-11 06:57:08,"114-7465801-2197038","B0DBZ7YNH5","CUSTOMER_DAMAGED","APPAREL_TOO_LARGE",""
2025-03-11 05:48:11,"111-1701404-9801861","B0DBVJDNXF","SELLABLE","SWITCHEROO","Wrong color, and wrong size."
2025-03-11 00:45:58,"111-4638985-0884247","B0DBYYXW44","SELLABLE","NOT_AS_DESCRIBED","Didn’t fit room"
2025-03-10 22:02:26,"111-4785455-3525059","B0DBYMRB1C","CARRIER_DAMAGED","NOT_AS_DESCRIBED",""
2025-03-10 18:01:43,"112-9306813-0906650","B0DBVPWW8F","CUSTOMER_DAMAGED","NOT_AS_DESCRIBED",""
2025-03-10 14:55:54,"114-6168748-4745033","B0DBYZ1P1H","CUSTOMER_DAMAGED","NOT_AS_DESCRIBED",""
2025-03-10 14:18:33,"114-4245555-7789033","B0DBYV567L","CUSTOMER_DAMAGED","UNWANTED_ITEM",""
2025-03-10 14:08:12,"114-3682864-5527437","B0DBYX9CK6","CUSTOMER_DAMAGED","UNWANTED_ITEM",""
2025-03-09 23:49:02,"114-3694475-8458656","B0DBVNXDMY","SELLABLE","ORDERED_WRONG_ITEM","Wrong size"
2025-03-09 23:27:23,"113-3379237-5323456","B0DBYYVZMX","CUSTOMER_DAMAGED","UNWANTED_ITEM",""
2025-03-09 18:32:59,"111-4988285-7349855","B0DBYP9F11","SELLABLE","QUALITY_UNACCEPTABLE","Didn’t like the quality"
2025-03-09 06:56:22,"112-0481274-9673046","B0DBYSVWYJ","CUSTOMER_DAMAGED","UNWANTED_ITEM",""
2025-03-09 05:57:55,"112-7696032-4787467","B0DBYMRB1C","SELLABLE","UNWANTED_ITEM","Did not like color"
2025-03-09 05:16:56,"112-1814651-5792202","B0DBYP9F11","CUSTOMER_DAMAGED","DEFECTIVE",""
2025-03-08 13:31:35,"111-2282030-0865043","B0DBYZ1P1H","SELLABLE","UNWANTED_ITEM","Didn&#39;t like the colors in person"
2025-03-08 12:50:13,"111-0798615-1551420","B0DBVM2KQN","SELLABLE","UNWANTED_ITEM","Kept other rug"
2025-03-08 10:49:01,"112-4453813-2216210","B0DBYYVZMX","SELLABLE","APPAREL_TOO_SMALL","Too small for the space"
2025-03-08 10:46:38,"114-3241891-3525001","B0DBYYVZMX","SELLABLE","UNWANTED_ITEM","No longer needed"
2025-03-08 07:57:00,"111-1312349-6489005","B0DQ8R7236","SELLABLE","UNWANTED_ITEM","Doesn’t match as much as thought"
2025-03-08 06:17:08,"114-4167015-4225056","B0DBYY5XMP","CUSTOMER_DAMAGED","UNWANTED_ITEM",""
2025-03-08 03:28:44,"113-6969612-0947405","B0DBZ56PC3","CUSTOMER_DAMAGED","UNWANTED_ITEM",""
2025-03-08 01:05:44,"113-5953239-5986636","B0DBYY5XMP","SELLABLE","UNWANTED_ITEM","I ordered the wrong size on accident. I love the rug and will reorder in the larger size."
2025-03-07 22:37:23,"113-8797159-6476209","B0DBZ4M9KK","CUSTOMER_DAMAGED","DEFECTIVE",""
2025-03-07 21:41:08,"114-0136522-6381072","B0DBYP9F11","SELLABLE","UNWANTED_ITEM","Found a different rug that works better for my space"
2025-03-07 16:37:23,"113-4132914-8181020","B0DBYV7V8N","CUSTOMER_DAMAGED","UNWANTED_ITEM",""
2025-03-07 15:41:57,"113-5027834-7719462","B0DBYYVZMX","CUSTOMER_DAMAGED","UNWANTED_ITEM",""
2025-03-07 13:11:44,"114-7871052-0097045","B0DBVM7S5P","DEFECTIVE","SWITCHEROO","Wrong effing item sent!!!! This happens WAY TOO OFTEN!!!!!!!!! Much much MUCH smaller rug than ordered. So angry!"
2025-03-07 13:07:39,"114-6778400-8621837","B0DBYXH8YW","SELLABLE","UNWANTED_ITEM","the colors did not match with my decor"
2025-03-07 12:03:25,"112-6650960-5704207","B0DBVLNWGB","CUSTOMER_DAMAGED","NOT_AS_DESCRIBED",""
2025-03-07 11:12:12,"112-7190039-8991444","B0DBYVNMF8","SELLABLE","UNWANTED_ITEM","Don&#39;t like fabric"
2025-03-07 11:02:06,"113-8046765-2181843","B0DBVPWW8F","SELLABLE","APPAREL_TOO_LARGE","Just too large for my space."
2025-03-07 10:57:02,"114-6519298-9082643","B0DBYZ1P1H","CUSTOMER_DAMAGED","UNWANTED_ITEM",""
2025-03-07 10:55:36,"113-8046765-2181843","B0DBVPWW8F","SELLABLE","APPAREL_TOO_LARGE","Just too large for my space."
2025-03-07 10:13:20,"114-7767351-3213842","B0DBZ4M9KK","CUSTOMER_DAMAGED","UNWANTED_ITEM",""
2025-03-07 08:57:40,"111-8793765-4805038","B0DBZ5DYF4","SELLABLE","UNWANTED_ITEM","It was delayed and I found a new one"
2025-03-07 08:33:02,"113-2173003-0274620","B0DBVN24HV","CUSTOMER_DAMAGED","NOT_AS_DESCRIBED",""
2025-03-07 06:09:36,"114-7037325-9885020","B0DBYYXW44","CUSTOMER_DAMAGED","UNWANTED_ITEM",""
2025-03-07 01:31:17,"113-9398859-5046613","B0DBYMRB1C","SELLABLE","NOT_AS_DESCRIBED",""
2025-03-07 01:31:17,"113-9398859-5046613","B0DBYMRB1C","SELLABLE","NOT_AS_DESCRIBED",""
2025-03-06 19:43:08,"111-4598263-9514608","B0DBY8NGRN","SELLABLE","UNWANTED_ITEM","Does not work with style"
2025-03-06 19:31:40,"112-1782460-9486619","B0DBZ3PDH4","CUSTOMER_DAMAGED","UNWANTED_ITEM",""
2025-03-06 15:35:33,"112-1910891-1433835","B0DBVPWW8F","SELLABLE","NOT_AS_DESCRIBED","Coloring not as described"
2025-03-06 13:23:37,"114-8602053-7506624","B0DBVPWW8F","CUSTOMER_DAMAGED","NOT_AS_DESCRIBED",""
2025-03-06 08:33:41,"112-0716893-2511441","B0DBZ697XG","SELLABLE","QUALITY_UNACCEPTABLE","Quality not what  looking for."
2025-03-06 07:36:53,"111-4833252-9969063","B0DBZGL9YS","CUSTOMER_DAMAGED","DAMAGED_BY_FC",""
2025-03-06 00:21:31,"112-8784095-0425063","B0DBYSVWYJ","CUSTOMER_DAMAGED","UNWANTED_ITEM",""
2025-03-05 23:35:36,"111-7470555-4120263","B0DBY8NGRN","CUSTOMER_DAMAGED","DEFECTIVE",""
2025-03-05 22:47:25,"114-2609109-6315420","B0DBVNT5V3","CUSTOMER_DAMAGED","DEFECTIVE",""
2025-03-05 22:25:42,"114-2188624-4293064","B0DBVPWW8F","SELLABLE","UNWANTED_ITEM",""
2025-03-05 21:44:27,"114-5444354-5457854","B0DBVJDNXF","CUSTOMER_DAMAGED","DEFECTIVE",""
2025-03-05 21:31:48,"111-2374049-9051428","B0DBYZ1P1H","CUSTOMER_DAMAGED","NO_REASON_GIVEN",""
2025-03-05 21:21:57,"113-3982919-1219466","B0DBVPWW8F","SELLABLE","APPAREL_TOO_SMALL","Need a larger size"
2025-03-05 15:42:55,"114-6000580-7535463","B0DBYXH8YW","CUSTOMER_DAMAGED","UNWANTED_ITEM",""
2025-03-05 14:06:18,"113-0793586-9757002","B0DBYSVWYJ","SELLABLE","NOT_AS_DESCRIBED","It&#39;s more a blanket"
2025-03-05 08:52:15,"111-5764433-9682636","B0DBZGL9YS","CUSTOMER_DAMAGED","NOT_AS_DESCRIBED",""
2025-03-05 07:15:59,"113-9157227-8972218","B0DBVM2KQN","SELLABLE","NOT_AS_DESCRIBED","Too much blue in the rug. Online didn&#39;t show that."
2025-03-05 07:07:21,"111-9109843-8150636","B0DBVMLB8P","SELLABLE","UNWANTED_ITEM","Just too large for space."
2025-03-05 05:58:33,"114-8589254-9211419","B0DBYXH8YW","SELLABLE","SWITCHEROO","No es la calidad que eaperaba. Es delgada y no se mustra como la fotografia. Esperaba algo mejor"
2025-03-05 04:53:12,"112-1166919-7010669","B0DBVMLB8P","SELLABLE","UNWANTED_ITEM","Changed mind"
2025-03-05 04:12:05,"113-4205650-5770607","B0DBYXH8YW","SELLABLE","NOT_AS_DESCRIBED","Inaccurate website description"
2025-03-05 01:40:06,"112-0128652-3226677","B0DBZGGRRH","SELLABLE","ORDERED_WRONG_ITEM","Bought the wrong size"
2025-03-04 21:49:54,"114-6725536-9101840","B0DBVM7S5P","CUSTOMER_DAMAGED","NOT_AS_DESCRIBED",""
2025-03-04 15:21:15,"111-0944638-1821814","B0DBYSVWYJ","CUSTOMER_DAMAGED","DEFECTIVE",""
2025-03-04 11:42:09,"111-1154968-7651440","B0DBYV7V8N","SELLABLE","APPAREL_TOO_LARGE","Jdjej"
2025-03-04 10:51:16,"112-6836067-7582610","B0DBVKBXCB","CUSTOMER_DAMAGED","UNWANTED_ITEM",""
2025-03-04 07:38:49,"112-3593852-0675429","B0DBVM69Y6","SELLABLE","APPAREL_TOO_LARGE","RUG LARGER THAN I COULD USE  REORDERED SMALLER SIZE"
2025-03-04 04:51:33,"111-4203201-7633059","B0DBZGL9YS","CUSTOMER_DAMAGED","MISSED_ESTIMATED_DELIVERY",""
2025-03-03 17:48:51,"113-6739328-6998641","B0DBYP9F11","CUSTOMER_DAMAGED","UNWANTED_ITEM",""
2025-03-03 17:27:24,"113-5341616-1818637","B0DBYYVZMX","SELLABLE","NOT_AS_DESCRIBED","The rug doesn&#39;t look like I was expecting. The colors are to light and the rug is to thin."
2025-03-03 12:55:04,"111-1819938-6235412","B0DBYYVZMX","CUSTOMER_DAMAGED","DEFECTIVE",""
2025-03-03 12:29:34,"114-1214871-9383406","B0DBZ4M9KK","SELLABLE","NOT_AS_DESCRIBED","Won’t work with pets"
2025-03-02 22:46:53,"113-1632305-0329820","B0DBYV7V8N","CUSTOMER_DAMAGED","DAMAGED_BY_FC",""
2025-03-02 21:16:11,"111-3916699-4454626","B0DBVM7S5P","CUSTOMER_DAMAGED","NOT_AS_DESCRIBED",""
2025-03-02 17:29:34,"112-0719661-5074601","B0DBYMRB1C","SELLABLE","UNWANTED_ITEM","Bought two colors like the other better"
2025-03-02 16:45:18,"113-2250284-2166666","B0DBVNT5V3","CUSTOMER_DAMAGED","UNWANTED_ITEM",""
2025-03-02 12:45:07,"114-7031017-3939407","B0DBZ56PC3","CUSTOMER_DAMAGED","DEFECTIVE",""
2025-03-02 10:50:13,"111-0374198-4221033","B0DBYV7V8N","SELLABLE","UNWANTED_ITEM","Not what I want"
2025-03-02 09:30:14,"114-1450338-1677051","B0DQ8FXRDX","SELLABLE","NOT_AS_DESCRIBED","It&#39;s not a rug materials. It&#39;s blanket material"
2025-03-02 07:20:38,"114-4909575-4989051","B0DBZ76XQH","SELLABLE","DEFECTIVE","Low quality"
2025-03-02 04:55:46,"113-7956645-9345806","B0DBZ7YNH5","CUSTOMER_DAMAGED","ORDERED_WRONG_ITEM",""
2025-03-01 19:11:51,"114-4936917-6276259","B0DBYZ1P1H","CUSTOMER_DAMAGED","DEFECTIVE",""
2025-03-01 12:05:16,"113-5205007-4554601","B0DBYVNMF8","SELLABLE","NO_REASON_GIVEN",""
2025-03-01 12:00:22,"112-3567200-7385806","B0DBYSVWYJ","CUSTOMER_DAMAGED","DEFECTIVE",""
2025-03-01 10:26:52,"114-2344386-4448241","B0DBYXH8YW","CUSTOMER_DAMAGED","UNWANTED_ITEM",""
2025-03-01 09:11:51,"112-5969720-9758647","B0DBYV7V8N","CUSTOMER_DAMAGED","ORDERED_WRONG_ITEM",""
2025-03-01 06:08:51,"111-9615569-5916236","B0DBYW49QF","CUSTOMER_DAMAGED","UNWANTED_ITEM",""
2025-03-01 05:31:55,"113-7578003-8900218","B0DBYSVWYJ","CUSTOMER_DAMAGED","UNWANTED_ITEM",""
2025-02-28 22:27:27,"113-6073973-8784246","B0DBYT5KQ7","CUSTOMER_DAMAGED","DEFECTIVE",""
2025-02-28 19:33:13,"112-0229564-2356253","B0DBVM69Y6","CUSTOMER_DAMAGED","NOT_AS_DESCRIBED",""
2025-02-28 12:56:42,"111-0599853-2145829","B0DBY8NGRN","CUSTOMER_DAMAGED","SWITCHEROO",""
2025-02-28 12:33:34,"113-0890735-2525058","B0DBYP9F11","CUSTOMER_DAMAGED","UNWANTED_ITEM",""
2025-02-28 11:30:21,"114-7706191-0084225","B0DBYV567L","SELLABLE","UNWANTED_ITEM","The rug was a good size and good quality, but the colors did not work with existing furniture."
2025-02-28 11:13:27,"112-0142323-2232205","B0DBVMLB8P","CUSTOMER_DAMAGED","UNWANTED_ITEM",""
2025-02-28 10:30:12,"111-7124791-0888212","B0DBVKBXCB","CUSTOMER_DAMAGED","UNWANTED_ITEM",""
2025-02-28 10:18:34,"114-7484129-6596238","B0DBYLGSS5","SELLABLE","APPAREL_TOO_SMALL","Doesn’t fit space as expected. Not used just sat in a box until I had time to return!"
2025-02-28 04:43:27,"702-4689225-8887411","B0DBZ697XG","SELLABLE","QUALITY_UNACCEPTABLE","Curled edges, won&#39;t flatten"
2025-02-28 04:03:51,"114-0187908-9281864","B0DBYMRB1C","DEFECTIVE","DEFECTIVE","Dingy colors even after washing."
2025-02-28 03:08:12,"112-5717193-7756244","B0DBYZM1X6","SELLABLE","NOT_AS_DESCRIBED","Very thin, not the best quality"
2025-02-28 00:55:39,"111-2645127-9575417","B0DBVPWW8F","SELLABLE","QUALITY_UNACCEPTABLE","Horrible quality"
2025-02-28 00:38:47,"112-6848021-1873067","B0DBYMRB1C","CUSTOMER_DAMAGED","UNWANTED_ITEM",""
2025-02-27 20:14:14,"112-5535032-8774652","B0DBYV7V8N","CUSTOMER_DAMAGED","NOT_AS_DESCRIBED",""
2025-02-27 17:16:24,"111-7924431-5297823","B0DBVNT5V3","SELLABLE","UNWANTED_ITEM","Nice but Not what we are looking for our decor"
2025-02-27 15:13:59,"111-2568738-7185021","B0DBYYVZMX","CUSTOMER_DAMAGED","DEFECTIVE",""
2025-02-27 11:24:56,"113-0217172-6841871","B0DBVNXDMY","SELLABLE","NOT_AS_DESCRIBED","There&#39;s a lot of blue tones in the rug but the picture online didn&#39;t show that."
2025-02-27 08:27:49,"111-2766020-1051427","B0DBYZKLW1","CUSTOMER_DAMAGED","APPAREL_TOO_SMALL",""
2025-02-27 08:23:59,"112-5308042-5277861","B0DBVN24HV","SELLABLE","UNWANTED_ITEM","Too big...chose the 8x10 instead"
2025-02-27 08:18:12,"701-8704600-8133020","B0DBYMRB1C","SELLABLE","NOT_COMPATIBLE","Doesn’t match my previous one"
2025-02-27 06:44:11,"111-5598563-9377850","B0DBZ526W9","CUSTOMER_DAMAGED","UNWANTED_ITEM",""
2025-02-27 05:44:02,"111-8414673-7561859","B0DBZ526W9","SELLABLE","NOT_AS_DESCRIBED","looks like a blanket not a rug"
2025-02-27 03:29:49,"111-8175487-0847443","B0DBYMRB1C","SELLABLE","APPAREL_TOO_SMALL","Too small for the space needed"
2025-02-26 18:02:14,"111-3064479-9054649","B0DBYV7V8N","CUSTOMER_DAMAGED","ORDERED_WRONG_ITEM",""
2025-02-26 10:30:31,"114-7231281-0294638","B0DBZ5DYF4","CUSTOMER_DAMAGED","QUALITY_UNACCEPTABLE",""
2025-02-26 10:11:03,"112-0936323-7594610","B0DBVM7S5P","CUSTOMER_DAMAGED","UNWANTED_ITEM",""
2025-02-26 05:27:32,"112-0958303-8284201","B0DBVJDNXF","CUSTOMER_DAMAGED","APPAREL_TOO_SMALL",""
2025-02-26 02:40:19,"113-3543684-1330615","B0DBYMRB1C","SELLABLE","DEFECTIVE","Too small for my room"
2025-02-25 23:27:55,"113-4954351-7782661","B0DBY8NGRN","SELLABLE","UNWANTED_ITEM","Picked another rug"
2025-02-25 22:41:33,"111-7856647-7186626","B0DBVKBXCB","CUSTOMER_DAMAGED","ORDERED_WRONG_ITEM",""
2025-02-25 18:50:36,"113-7838297-0901068","B0DBVJDNXF","SELLABLE","UNWANTED_ITEM","A little too thin, never taken out of packaging."
2025-02-25 18:25:24,"113-1581024-8489041","B0DBYYXW44","SELLABLE","NO_REASON_GIVEN",""
2025-02-25 17:29:08,"111-5244246-4755438","B0DBVPWW8F","SELLABLE","UNDELIVERABLE_REFUSED",""
2025-02-25 17:29:08,"111-5244246-4755438","B0DBVPWW8F","SELLABLE","UNDELIVERABLE_REFUSED",""
2025-02-25 06:48:56,"111-1906698-0646666","B0DBZ5DYF4","SELLABLE","APPAREL_TOO_LARGE","An ill/fit for my space"
2025-02-25 06:06:47,"114-2912143-0334602","B0DBYMRB1C","CUSTOMER_DAMAGED","ORDERED_WRONG_ITEM",""
2025-02-25 05:04:06,"113-2416562-6841816","B0DBVMLB8P","SELLABLE","UNWANTED_ITEM","Color appeared different than online"
2025-02-24 23:27:54,"114-3952794-2960210","B0DBVPWW8F","CUSTOMER_DAMAGED","UNWANTED_ITEM",""
2025-02-24 23:24:39,"113-2123391-0924226","B0DBVPWW8F","CUSTOMER_DAMAGED","UNWANTED_ITEM",""
2025-02-24 22:17:33,"111-8461276-4709052","B0DBYV7V8N","SELLABLE","NOT_AS_DESCRIBED","This is not the right color green"
2025-02-24 19:49:03,"111-1641725-8453828","B0DBYMRB1C","CUSTOMER_DAMAGED","UNWANTED_ITEM",""
2025-02-24 18:49:25,"112-9463777-6314667","B0DBY8NGRN","CUSTOMER_DAMAGED","DEFECTIVE",""
2025-02-24 17:51:22,"113-3107728-3915422","B0DBVPWW8F","SELLABLE","APPAREL_TOO_SMALL","Didn’t look good where I needed it"
2025-02-24 17:51:22,"113-3107728-3915422","B0DBVPWW8F","SELLABLE","APPAREL_TOO_SMALL","Didn’t look good where I needed it"
2025-02-24 16:14:04,"114-2264727-8829815","B0DBVM69Y6","CUSTOMER_DAMAGED","UNWANTED_ITEM",""
2025-02-24 12:05:47,"113-2745992-4627445","B0DBVJDNXF","CUSTOMER_DAMAGED","ORDERED_WRONG_ITEM",""
2025-02-24 10:05:10,"111-5011343-0213033","B0DBYVNMF8","SELLABLE","ORDERED_WRONG_ITEM","Too small. Must return, never opened rug."
2025-02-24 08:04:51,"112-0784042-4661839","B0DBYMRB1C","SELLABLE","UNWANTED_ITEM","No longer needed"
2025-02-24 05:24:23,"114-0032104-5785808","B0DBVMLB8P","SELLABLE","UNWANTED_ITEM","No longer need"
2025-02-23 17:15:57,"111-7159621-0671437","B0DBVKBXCB","SELLABLE","UNWANTED_ITEM","had already purchased one."
2025-02-23 16:36:50,"113-4900688-6790618","B0DBYY5XMP","SELLABLE","APPAREL_TOO_LARGE","Didn’t fit space"
2025-02-23 10:27:02,"112-9091921-6893052","B0DBYP9F11","CUSTOMER_DAMAGED","UNWANTED_ITEM",""
2025-02-23 08:09:43,"112-8037104-0468265","B0DBZ767W8","CUSTOMER_DAMAGED","UNWANTED_ITEM",""
2025-02-23 03:54:40,"112-2310583-7292247","B0DBYT5KQ7","CUSTOMER_DAMAGED","NOT_AS_DESCRIBED",""
2025-02-22 22:11:50,"112-8967937-4388259","B0DBYYVZMX","SELLABLE","QUALITY_UNACCEPTABLE","Thought the item would be better quality for the price"
2025-02-22 21:39:15,"114-2641559-7165855","B0DBVN24HV","CUSTOMER_DAMAGED","NOT_AS_DESCRIBED",""
2025-02-22 11:08:49,"111-3456961-4711449","B0DBYYVZMX","SELLABLE","APPAREL_TOO_LARGE","Wide ok but length too ling"
2025-02-22 04:59:46,"111-1819096-3469869","B0DBZB9JY5","CUSTOMER_DAMAGED","DEFECTIVE",""
2025-02-22 01:30:07,"111-7856647-7186626","B0DBVKBXCB","SELLABLE","ORDERED_WRONG_ITEM","The rug is fine.  Color description not clear.  Too brown"
2025-02-21 23:48:56,"113-6285956-6290647","B0DBVJDNXF","CUSTOMER_DAMAGED","UNWANTED_ITEM",""
2025-02-21 23:39:50,"701-2664446-4832250","B0DBZ697XG","SELLABLE","UNDELIVERABLE_UNKNOWN",""
2025-02-21 19:41:21,"111-9530103-4877815","B0DBZ5DYF4","CUSTOMER_DAMAGED","UNWANTED_ITEM",""
2025-02-21 14:18:10,"111-1819096-3469869","B0DBZB9JY5","SELLABLE","DEFECTIVE","Wrong size"
2025-02-21 12:46:49,"113-3906536-7114657","B0DBYZ1P1H","SELLABLE","UNWANTED_ITEM","Too thin to be used in a living space with high traffic"
2025-02-21 12:15:19,"112-0085835-0293820","B0DBYP9F11","SELLABLE","NOT_AS_DESCRIBED","the printed pattern on the rug is very cheap looking."
2025-02-21 10:06:18,"111-6980878-6949064","B0DBZB9JY5","CUSTOMER_DAMAGED","UNAUTHORIZED_PURCHASE",""
2025-02-21 07:46:57,"111-7074715-4559455","B0DBYXH8YW","SELLABLE","UNWANTED_ITEM","No longer needed"
2025-02-21 06:40:55,"114-2867171-0093807","B0DBYSVWYJ","SELLABLE","UNWANTED_ITEM",""
2025-02-21 05:38:45,"114-0722624-6313022","B0DBYV7V8N","CUSTOMER_DAMAGED","DEFECTIVE",""
2025-02-21 04:41:52,"114-6921481-0762669","B0DBZ526W9","CUSTOMER_DAMAGED","UNWANTED_ITEM",""
2025-02-21 00:25:47,"112-1616704-6099444","B0DBYYXW44","CUSTOMER_DAMAGED","UNWANTED_ITEM",""
2025-02-20 22:19:32,"112-4044831-5637840","B0DBZ7YNH5","SELLABLE","APPAREL_TOO_SMALL","The 3x5 just felt too small in the room. Purchased the 5x7 and keeping that one."
2025-02-20 19:03:30,"111-9340663-8325007","B0DBVJDNXF","CUSTOMER_DAMAGED","DEFECTIVE",""
2025-02-20 15:39:12,"111-0021890-7517809","B0DBVPWW8F","CUSTOMER_DAMAGED","NOT_AS_DESCRIBED",""
2025-02-20 14:13:06,"111-7856647-7186626","B0DBVKBXCB","SELLABLE","ORDERED_WRONG_ITEM","Color description if off. Too brown"
2025-02-19 21:19:09,"112-5677091-7963408","B0DBYYXW44","CARRIER_DAMAGED","NOT_AS_DESCRIBED",""
2025-02-19 18:25:09,"113-2509215-3873823","B0DBYYVZMX","CUSTOMER_DAMAGED","UNWANTED_ITEM",""
2025-02-19 17:54:43,"113-1506778-3759446","B0DBYV567L","CUSTOMER_DAMAGED","ORDERED_WRONG_ITEM",""
2025-02-19 15:58:56,"112-8334989-3827405","B0DBVPWW8F","CUSTOMER_DAMAGED","UNWANTED_ITEM",""
2025-02-19 11:24:42,"113-2872976-1761823","B0DBY8NGRN","CUSTOMER_DAMAGED","UNWANTED_ITEM",""
2025-02-19 04:14:45,"114-0627076-4686610","B0DBYP9F11","CUSTOMER_DAMAGED","MISSING_PARTS",""
2025-02-18 23:21:29,"114-1015638-0655442","B0DBYX9CK6","SELLABLE","ORDERED_WRONG_ITEM","Incorrectly calculated measurement"
2025-02-18 16:34:38,"112-3166729-6876244","B0DBVMLB8P","SELLABLE","QUALITY_UNACCEPTABLE",""
2025-02-18 16:10:37,"113-5520201-8035467","B0DBYXH8YW","CUSTOMER_DAMAGED","NOT_AS_DESCRIBED",""
2025-02-18 12:25:58,"114-0114413-6545069","B0DBY8NGRN","SELLABLE","UNWANTED_ITEM","Don’t need"
2025-02-18 06:58:09,"111-3928849-7219458","B0DBYT5KQ7","CUSTOMER_DAMAGED","DAMAGED_BY_FC",""
2025-02-18 04:30:57,"111-1906698-0646666","B0DBZ7YNH5","SELLABLE","APPAREL_TOO_SMALL","I like this rug but it’s too small I will order next size up"
2025-02-18 03:52:00,"114-0731549-8373845","B0DBYY5XMP","CUSTOMER_DAMAGED","UNWANTED_ITEM",""
2025-02-17 21:31:46,"113-1356624-0903410","B0DBYSVWYJ","CUSTOMER_DAMAGED","QUALITY_UNACCEPTABLE",""
2025-02-17 20:39:52,"111-9858548-1827452","B0DBVKBXCB","CUSTOMER_DAMAGED","UNWANTED_ITEM",""
2025-02-17 19:25:28,"113-3032228-8047408","B0DBVPWW8F","CUSTOMER_DAMAGED","UNWANTED_ITEM",""
2025-02-17 18:40:28,"113-3336452-3398661","B0DBYMRB1C","CUSTOMER_DAMAGED","DEFECTIVE",""
2025-02-17 10:24:57,"112-7755901-2615421","B0DBYVNMF8","CUSTOMER_DAMAGED","UNWANTED_ITEM",""
2025-02-16 08:31:00,"114-6755893-1646603","B0DBYYVZMX","SELLABLE","UNWANTED_ITEM","Just don&#39;t need it anymore."
2025-02-15 20:51:10,"114-9565303-3282615","B0DBZ5DYF4","SELLABLE","NOT_AS_DESCRIBED","Item brown not orange"
2025-02-15 20:31:00,"111-4238515-5070628","B0DBVM2KQN","SELLABLE","UNWANTED_ITEM","Doesn&#39;t match the room"
2025-02-15 12:09:13,"114-2643881-4622625","B0DBVMLB8P","CUSTOMER_DAMAGED","NOT_AS_DESCRIBED",""
2025-02-15 10:26:20,"112-7157703-9518667","B0DBZ7YNH5","CUSTOMER_DAMAGED","UNWANTED_ITEM",""
2025-02-15 08:03:20,"112-2227792-8723412","B0DBZ3PDH4","SELLABLE","UNWANTED_ITEM","Don’t like it"
2025-02-15 07:44:20,"113-4314759-5244206","B0DBZ697XG","SELLABLE","ORDERED_WRONG_ITEM","doesn&#39;t quite match the sofa"
2025-02-15 04:35:08,"112-4045719-4818646","B0DBVM7S5P","SELLABLE","NOT_AS_DESCRIBED","The description said cream and there is blue accent colors in it"
2025-02-15 00:27:29,"113-4959044-5944236","B0DBZ3PDH4","CUSTOMER_DAMAGED","UNWANTED_ITEM",""
2025-02-14 23:33:18,"112-7044538-0191421","B0DBYSVWYJ","CUSTOMER_DAMAGED","UNWANTED_ITEM",""
2025-02-14 22:11:46,"111-2988163-5502643","B0DBYLGSS5","CUSTOMER_DAMAGED","DEFECTIVE",""
2025-02-14 07:13:34,"113-7820489-9319427","B0DBYP9F11","CUSTOMER_DAMAGED","UNWANTED_ITEM",""
2025-02-14 06:54:47,"114-9974953-2679444","B0DBYP9F11","CUSTOMER_DAMAGED","UNWANTED_ITEM",""
2025-02-14 06:52:12,"114-1462391-1109066","B0DBVJDNXF","SELLABLE","UNWANTED_ITEM","Wrong texture for Dining room.  Too thin and color doesnt go through all rug fibers."
2025-02-14 05:41:06,"113-0986759-5853834","B0DBVM69Y6","CUSTOMER_DAMAGED","DEFECTIVE",""
2025-02-13 19:48:48,"112-9458407-3066621","B0DBYZM1X6","CUSTOMER_DAMAGED","UNWANTED_ITEM",""
2025-02-13 19:01:04,"112-9939971-0827406","B0DBYX9CK6","CUSTOMER_DAMAGED","UNWANTED_ITEM",""
2025-02-13 15:43:07,"114-8793397-9617033","B0DBYV7V8N","CUSTOMER_DAMAGED","UNWANTED_ITEM",""
2025-02-13 10:38:06,"111-4114338-6443466","B0DBVJDNXF","CUSTOMER_DAMAGED","UNWANTED_ITEM",""
2025-02-13 10:16:43,"111-4006947-4315434","B0DBYW12W5","CUSTOMER_DAMAGED","NO_REASON_GIVEN",""
2025-02-13 08:37:18,"114-7389811-2769862","B0DBVM69Y6","SELLABLE","UNWANTED_ITEM","smaller size for area better"
2025-02-13 06:43:20,"112-0463764-3943410","B0DBYMRB1C","CUSTOMER_DAMAGED","UNWANTED_ITEM",""
2025-02-13 06:39:36,"111-4584439-4603447","B0DBYVNMF8","CUSTOMER_DAMAGED","UNWANTED_ITEM",""
2025-02-13 04:55:27,"114-3864696-1333836","B0DBVPWW8F","SELLABLE","UNWANTED_ITEM","Rug was too small for the area."
2025-02-12 23:12:35,"113-8869155-8824253","B0DBYP9F11","CUSTOMER_DAMAGED","NOT_AS_DESCRIBED",""
2025-02-12 21:30:29,"114-8030448-7500228","B0DBZGL9YS","CUSTOMER_DAMAGED","DAMAGED_BY_FC",""
2025-02-12 15:35:43,"113-7953419-4009020","B0DBZ4M9KK","CUSTOMER_DAMAGED","UNWANTED_ITEM",""
2025-02-12 11:04:12,"111-4357347-1377034","B0DBVNT5V3","CUSTOMER_DAMAGED","UNWANTED_ITEM",""
2025-02-12 08:39:45,"113-3959790-3901852","B0DBZ3PDH4","CUSTOMER_DAMAGED","ORDERED_WRONG_ITEM",""
2025-02-11 17:38:12,"111-5024624-6292234","B0DBYVNMF8","CUSTOMER_DAMAGED","ORDERED_WRONG_ITEM",""
2025-02-11 16:30:38,"112-4478059-0471467","B0DBYY5XMP","CUSTOMER_DAMAGED","NO_REASON_GIVEN",""
2025-02-11 09:49:35,"114-7348718-0868205","B0DBY8NGRN","SELLABLE","NOT_AS_DESCRIBED","The picture looks black and grey but the rug has a lot of gold beige.  I thought I could get used to it but it s just too much of the wrong color."
2025-02-11 09:47:04,"114-2291252-2833839","B0DBYV567L","SELLABLE","ORDERED_WRONG_ITEM","I don’t need it"
2025-02-11 07:09:05,"114-8498769-1568269","B0DBZ3PDH4","CUSTOMER_DAMAGED","DAMAGED_BY_FC",""
2025-02-11 06:37:40,"113-9849797-3974628","B0DBYV567L","SELLABLE","UNWANTED_ITEM","Too small for space. Already purchased a bigger one."
2025-02-11 03:22:36,"114-9562558-6224212","B0DBZ56PC3","CUSTOMER_DAMAGED","ORDERED_WRONG_ITEM",""
2025-02-10 22:37:29,"112-7431186-5924228","B0DBYW12W5","CUSTOMER_DAMAGED","UNWANTED_ITEM",""
2025-02-10 21:47:45,"114-2291252-2833839","B0DBYV567L","SELLABLE","ORDERED_WRONG_ITEM","I don’t need… just by mistake I ordered"
2025-02-10 17:44:06,"112-2824289-6078616","B0DBVN24HV","CUSTOMER_DAMAGED","DAMAGED_BY_FC",""
2025-02-10 14:21:38,"114-8813173-2759460","B0DBYSVWYJ","SELLABLE","UNWANTED_ITEM","Lower quality than anticipated"
2025-02-10 14:15:12,"114-9019606-7514647","B0DBZ7YNH5","SELLABLE","NOT_AS_DESCRIBED","Not the color I expected"
2025-02-10 09:36:54,"112-4914820-1034637","B0DBZB9JY5","CUSTOMER_DAMAGED","ORDERED_WRONG_ITEM",""
2025-02-10 09:33:50,"112-8151214-4754667","B0DBVPWW8F","SELLABLE","UNWANTED_ITEM","Found rug elsewhere"
2025-02-10 09:08:48,"112-1128127-8469001","B0DBYLGSS5","CUSTOMER_DAMAGED","UNWANTED_ITEM",""
2025-02-10 05:15:35,"111-2612343-9481027","B0DBVMLB8P","CUSTOMER_DAMAGED","UNWANTED_ITEM",""
2025-02-10 04:58:41,"114-4420975-9057802","B0DBVNXDMY","CUSTOMER_DAMAGED","UNWANTED_ITEM",""
2025-02-10 04:15:14,"113-3597817-9478649","B0DBZ526W9","CUSTOMER_DAMAGED","DEFECTIVE",""
2025-02-09 19:40:21,"114-6288661-8549043","B0DBYX9CK6","SELLABLE","NO_REASON_GIVEN",""
2025-02-09 13:01:09,"113-1091919-6926627","B0DBYX9CK6","CUSTOMER_DAMAGED","UNWANTED_ITEM",""
2025-02-09 05:43:20,"113-7143415-5594614","B0DBYX9CK6","CUSTOMER_DAMAGED","UNWANTED_ITEM",""
2025-02-09 00:53:10,"111-4352586-9198650","B0DBVKBXCB","SELLABLE","UNWANTED_ITEM","Was not the right color."
2025-02-08 21:22:30,"113-1556248-5516215","B0DBYLGSS5","SELLABLE","UNWANTED_ITEM","Na"
2025-02-08 20:42:25,"112-9479683-5989817","B0DBYV7V8N","CUSTOMER_DAMAGED","DEFECTIVE",""
2025-02-08 17:34:18,"111-6077633-4622662","B0DBVM7S5P","CUSTOMER_DAMAGED","DAMAGED_BY_FC",""
2025-02-08 06:23:37,"112-3650226-0556256","B0DBZ5DYF4","CUSTOMER_DAMAGED","NOT_AS_DESCRIBED",""
2025-02-08 05:16:18,"112-3834285-3806613","B0DBVM2KQN","CUSTOMER_DAMAGED","ORDERED_WRONG_ITEM",""
2025-02-07 23:22:58,"112-1199126-5408267","B0DBZ1H9PP","SELLABLE","NOT_AS_DESCRIBED","Not needes"
2025-02-07 17:33:40,"114-5528179-9593064","B0DBZ3PDH4","CUSTOMER_DAMAGED","NOT_AS_DESCRIBED",""
2025-02-07 17:23:01,"112-1109039-5843436","B0DBVKS2S4","SELLABLE","UNWANTED_ITEM","wrong size"
2025-02-07 13:42:50,"112-5234338-1153007","B0DBZ56PC3","CUSTOMER_DAMAGED","UNWANTED_ITEM",""
2025-02-07 07:53:53,"112-0269293-6449033","B0DBVM69Y6","CUSTOMER_DAMAGED","UNWANTED_ITEM",""
2025-02-07 07:44:57,"111-3878065-0953009","B0DBYYVZMX","SELLABLE","NOT_AS_DESCRIBED","Color was a bit different than photo"
2025-02-07 03:58:10,"113-0570760-1905051","B0DBVPWW8F","CUSTOMER_DAMAGED","ORDERED_WRONG_ITEM",""
2025-02-07 00:29:47,"114-4084566-4212257","B0DBYV567L","SELLABLE","UNDELIVERABLE_UNKNOWN",""
2025-02-06 23:51:06,"112-3434059-6111434","B0DBYX9CK6","SELLABLE","UNWANTED_ITEM","Wrong material and coloring"
2025-02-06 20:49:37,"111-1093546-1060207","B0DBVNT5V3","CUSTOMER_DAMAGED","ORDERED_WRONG_ITEM",""
2025-02-06 19:39:16,"111-8311067-4508235","B0DBYZ1P1H","CUSTOMER_DAMAGED","MISSED_ESTIMATED_DELIVERY",""
2025-02-06 11:49:42,"113-1510603-6139401","B0DBZ767W8","CUSTOMER_DAMAGED","UNWANTED_ITEM",""
2025-02-06 09:06:43,"114-1387904-0137011","B0DBZ5DYF4","CUSTOMER_DAMAGED","DEFECTIVE",""
2025-02-06 04:31:11,"111-1482258-8881857","B0DBVLNWGB","CUSTOMER_DAMAGED","NOT_AS_DESCRIBED",""
2025-02-05 23:24:26,"114-6328882-0149014","B0DBVPWW8F","CUSTOMER_DAMAGED","UNWANTED_ITEM",""
2025-02-05 21:18:29,"114-6225375-1653827","B0DBVN24HV","SELLABLE","NOT_AS_DESCRIBED","Too big for washer"
2025-02-05 21:03:01,"112-0365933-4562655","B0DBVM69Y6","CUSTOMER_DAMAGED","DEFECTIVE",""
2025-02-05 18:19:50,"112-5131522-1157029","B0DBYVNMF8","CUSTOMER_DAMAGED","DEFECTIVE",""
2025-02-05 09:52:02,"111-4310198-6458635","B0DBYY5XMP","CUSTOMER_DAMAGED","DEFECTIVE",""
2025-02-05 09:09:48,"114-0273380-7593058","B0DBYP9F11","SELLABLE","UNWANTED_ITEM","Not suitable"
2025-02-05 07:28:34,"113-3054679-0465057","B0DBYX9CK6","CUSTOMER_DAMAGED","DEFECTIVE",""
2025-02-05 05:13:17,"112-3749513-0999427","B0DBVM69Y6","CUSTOMER_DAMAGED","UNWANTED_ITEM",""
2025-02-04 19:30:08,"114-8170059-4385029","B0DBVM2KQN","SELLABLE","UNWANTED_ITEM","Too small for our room."
2025-02-04 19:11:52,"111-0584565-7454636","B0DBZ56PC3","SELLABLE","UNWANTED_ITEM","Doesn’t fit"
2025-02-04 11:50:20,"113-8869155-8824253","B0DBZB9JY5","CUSTOMER_DAMAGED","NOT_AS_DESCRIBED",""
2025-02-04 09:48:58,"111-3885675-2600212","B0DBYZ1P1H","SELLABLE","UNWANTED_ITEM",""
2025-02-04 07:05:29,"112-0385936-0942637","B0DBYYVZMX","SELLABLE","UNWANTED_ITEM","no longer needed"
2025-02-03 23:32:07,"114-5383770-9655466","B0DBYVNMF8","CUSTOMER_DAMAGED","UNWANTED_ITEM",""
2025-02-03 23:12:33,"113-2464483-9793019","B0DBYXH8YW","CUSTOMER_DAMAGED","UNWANTED_ITEM",""
2025-02-03 22:43:48,"111-6424205-6685827","B0DBZ56PC3","SELLABLE","DEFECTIVE","Quality not as expected"
2025-02-03 14:15:22,"111-3647953-7818663","B0DBVPWW8F","SELLABLE","ORDERED_WRONG_ITEM","Too big for space. I will order correct size now. Beautiful rug."
2025-02-03 11:03:23,"113-7656980-9876264","B0DBVMLB8P","CUSTOMER_DAMAGED","NOT_AS_DESCRIBED",""
2025-02-03 05:04:00,"113-7656980-9876264","B0DBVJDNXF","CUSTOMER_DAMAGED","NOT_AS_DESCRIBED",""
2025-02-03 04:41:07,"113-3817800-6935437","B0DBYMRB1C","SELLABLE","UNWANTED_ITEM","Color Does not work in the room."
2025-02-03 01:19:09,"114-5872663-4945022","B0DBZ7YNH5","SELLABLE","UNWANTED_ITEM","Too big for the space"
2025-02-02 23:46:52,"113-8017432-6565032","B0DBZB9JY5","CUSTOMER_DAMAGED","UNAUTHORIZED_PURCHASE",""
2025-02-02 21:57:21,"114-4420957-1029069","B0DBVMLB8P","DEFECTIVE","SWITCHEROO","This is not the correct rug. I ordered the sage green one!"
2025-02-02 21:30:31,"114-0394361-8465859","B0DBYVNMF8","CUSTOMER_DAMAGED","NOT_AS_DESCRIBED",""
2025-02-02 20:23:46,"114-6135344-7569050","B0DBYT5KQ7","SELLABLE","ORDERED_WRONG_ITEM","Rug was to big for the area it needed to cover"
2025-02-02 14:25:16,"701-3523600-2326612","B0DBYZM1X6","SELLABLE","NOT_COMPATIBLE","el gris es demasiado oscuro para el espacio"
2025-02-02 10:35:46,"114-0611429-3311448","B0DBVMDM69","CUSTOMER_DAMAGED","UNWANTED_ITEM",""
2025-02-02 06:01:07,"111-0582763-0126615","B0DBVNT5V3","SELLABLE","UNWANTED_ITEM","Color does not match"
2025-02-02 05:12:30,"113-1637890-7216213","B0DBYX9CK6","CUSTOMER_DAMAGED","NOT_AS_DESCRIBED",""
2025-02-02 04:25:02,"112-0853187-7425032","B0DBZ76XQH","SELLABLE","NOT_AS_DESCRIBED","Rug is too thin and not quality I am looking for."
2025-02-01 22:52:32,"114-2065607-6592248","B0DBVNXDMY","CUSTOMER_DAMAGED","UNWANTED_ITEM",""
2025-02-01 22:01:57,"112-7800835-1479427","B0DBVM69Y6","CUSTOMER_DAMAGED","ORDERED_WRONG_ITEM",""
2025-02-01 10:56:23,"112-4118226-9409022","B0DBZGL9YS","SELLABLE","UNWANTED_ITEM","Box open but not plastic that the item is wrapped in"
2025-02-01 06:11:40,"114-1973543-0515408","B0DBZ3PDH4","CUSTOMER_DAMAGED","NOT_AS_DESCRIBED",""
2025-02-01 00:49:47,"111-1458677-3307446","B0DBYYVZMX","SELLABLE","UNAUTHORIZED_PURCHASE","wrong size too big for my space"
2025-01-31 21:13:07,"112-6344967-4934649","B0DBVNT5V3","SELLABLE","UNWANTED_ITEM","We laid it out in our room and realized we wanted a little bigger size. Going to reorder in a different size"
2025-01-31 17:07:58,"114-7883325-7591468","B0DBYMRB1C","SELLABLE","NOT_AS_DESCRIBED","Color doesn’t match description"
2025-01-31 13:25:54,"111-9974936-7477812","B0DBVNXDMY","SELLABLE","NOT_AS_DESCRIBED","Very blue not very neutral like described"
2025-01-31 10:49:30,"113-8128607-4234664","B0DBZGL9YS","CUSTOMER_DAMAGED","UNWANTED_ITEM",""
2025-01-31 10:48:54,"113-3817800-6935437","B0DBYMRB1C","SELLABLE","UNWANTED_ITEM","Color Does not work in the room."
2025-01-31 05:45:40,"114-8945729-8844245","B0DBVN24HV","SELLABLE","UNWANTED_ITEM","The rug was too large for our space"
2025-01-31 04:54:40,"114-4687138-9616201","B0DBYXH8YW","SELLABLE","ORDERED_WRONG_ITEM","Bought2 by mistake"
2025-01-30 21:40:23,"114-3268675-6832221","B0DBYYVZMX","SELLABLE","UNWANTED_ITEM","Product was too small for the space"
2025-01-30 20:53:48,"111-3335224-4081003","B0DBVM69Y6","SELLABLE","NOT_AS_DESCRIBED","Not the color expected"
2025-01-30 20:17:00,"111-7067850-4273028","B0DBZ7YNH5","SELLABLE","UNWANTED_ITEM","Thinner than expected"
2025-01-30 18:42:33,"114-7881892-5117046","B0DBVMLB8P","SELLABLE","UNWANTED_ITEM","Found another rug at local store"
2025-01-30 14:30:27,"114-7452198-2019419","B0DBZ767W8","CUSTOMER_DAMAGED","ORDERED_WRONG_ITEM",""
2025-01-29 12:30:10,"113-4508192-7349863","B0DBYMRB1C","CUSTOMER_DAMAGED","UNWANTED_ITEM",""
2025-01-29 12:06:50,"114-5099233-5750601","B0DBYW12W5","CUSTOMER_DAMAGED","UNWANTED_ITEM",""
2025-01-29 10:59:08,"113-8119274-5094652","B0DBYV7V8N","SELLABLE","UNWANTED_ITEM","Quality wasn’t what I expected."
2025-01-29 07:16:01,"111-4733995-4237854","B0DBYYXW44","DEFECTIVE","SWITCHEROO","I ordered two identical rugs and received one that was correct and the other is completely different- wrong color and pattern (green is wrong - I ordered charcoal)"
2025-01-29 05:10:37,"113-0794763-7690642","B0DBYX9CK6","CUSTOMER_DAMAGED","DAMAGED_BY_FC",""
2025-01-29 02:30:14,"114-5439049-0953039","B0DBVN24HV","CUSTOMER_DAMAGED","DEFECTIVE",""
2025-01-28 23:41:36,"114-0624122-9776244","B0DBYV567L","SELLABLE","UNAUTHORIZED_PURCHASE","it said it was not shipping.  I called customer services   they cancelled the item and then I reordered it.  one was delivered on Sunday and the cancelled one was delivered today.  So now I have two   Cancelling this one and sending back"
2025-01-28 17:32:46,"111-5495014-0465823","B0DBYV7V8N","CUSTOMER_DAMAGED","UNWANTED_ITEM",""
2025-01-28 17:27:13,"113-5924130-7545843","B0DBZ3PDH4","CUSTOMER_DAMAGED","NOT_AS_DESCRIBED",""
2025-01-28 11:28:51,"114-5164377-1837841","B0DBZ3PDH4","CUSTOMER_DAMAGED","NOT_AS_DESCRIBED",""
2025-01-28 09:23:10,"113-9266989-8182620","B0DBZGGRRH","SELLABLE","UNWANTED_ITEM",""
2025-01-28 07:24:55,"112-8942277-3271442","B0DBYYVZMX","CUSTOMER_DAMAGED","MISSED_ESTIMATED_DELIVERY",""
2025-01-28 06:27:05,"114-6076316-4430644","B0DBY8NGRN","CUSTOMER_DAMAGED","UNWANTED_ITEM",""
2025-01-28 05:03:25,"114-5086239-7200227","B0DBVPWW8F","SELLABLE","UNWANTED_ITEM","We set the rug out by our patio door to take a look. It was snowing when my husband came in, so it did get a tiny bit of snow on it."
2025-01-27 23:46:07,"112-8254685-2410635","B0DBYY5XMP","SELLABLE","UNWANTED_ITEM","I decided to go with another color - the RELEANY cream/green"
2025-01-27 20:08:34,"114-9179697-0874636","B0DBYV567L","CUSTOMER_DAMAGED","UNWANTED_ITEM",""
2025-01-27 19:36:33,"111-5667160-7209865","B0DBYP9F11","SELLABLE","ORDERED_WRONG_ITEM","Duplicate rug"
2025-01-27 18:12:22,"113-2607142-9020234","B0DBYW49QF","SELLABLE","UNWANTED_ITEM","Carpet is too small."
2025-01-27 13:28:07,"113-8809022-7465822","B0DBYYVZMX","SELLABLE","UNWANTED_ITEM","Product is too big for my space"
2025-01-27 13:14:55,"113-0064620-5089062","B0DBYW49QF","SELLABLE","QUALITY_UNACCEPTABLE",""
2025-01-27 09:37:09,"111-6959224-7785068","B0DBYVNMF8","SELLABLE","UNWANTED_ITEM","bought duplicate"
2025-01-27 02:10:18,"114-3676241-0462660","B0DBYZM1X6","SELLABLE","UNWANTED_ITEM","The color is not what what expected, didn’t match my decor or space."
2025-01-27 01:42:35,"113-4714254-3524202","B0DBZB9JY5","CUSTOMER_DAMAGED","UNWANTED_ITEM",""
2025-01-26 07:12:34,"114-6103056-6556239","B0DBYV7V8N","SELLABLE","UNWANTED_ITEM","dont need"
2025-01-26 06:18:21,"112-1484566-5538640","B0DBYSVWYJ","CUSTOMER_DAMAGED","UNWANTED_ITEM",""
2025-01-25 22:09:52,"111-1032188-2057844","B0DBYSVWYJ","CUSTOMER_DAMAGED","UNWANTED_ITEM",""
2025-01-25 19:28:00,"111-6654482-2552226","B0DBVPWW8F","SELLABLE","UNWANTED_ITEM","Wrong size"
2025-01-25 10:53:38,"111-3580713-8805821","B0DBZ5DYF4","CUSTOMER_DAMAGED","UNWANTED_ITEM",""
2025-01-25 09:43:30,"114-7101435-1809032","B0DBZ76XQH","CUSTOMER_DAMAGED","ORDERED_WRONG_ITEM",""
2025-01-25 09:37:17,"114-7537340-7552247","B0DBVJDNXF","CUSTOMER_DAMAGED","ORDERED_WRONG_ITEM",""
2025-01-25 06:35:52,"111-4790983-5072243","B0DBYZ1P1H","CUSTOMER_DAMAGED","DEFECTIVE",""
2025-01-25 06:21:20,"111-4937549-2122623","B0DBYXH8YW","SELLABLE","UNWANTED_ITEM","Color not as dark as in photos"
2025-01-25 05:53:35,"111-3591541-6829824","B0DBYXH8YW","SELLABLE","UNWANTED_ITEM","Color not as dark as in photos"
2025-01-24 22:04:03,"114-2511642-3830642","B0DBYMRB1C","SELLABLE","UNWANTED_ITEM","Found one I like better"
2025-01-24 21:51:13,"112-6370691-0342658","B0DBVM7S5P","SELLABLE","UNWANTED_ITEM","Didn’t like"
2025-01-24 13:35:41,"113-3592449-0848266","B0DBZB9JY5","CUSTOMER_DAMAGED","UNWANTED_ITEM",""
2025-01-24 09:21:12,"113-2292822-6297833","B0DBZGL9YS","SELLABLE","UNWANTED_ITEM","Bought different colors"
2025-01-23 23:28:59,"114-6766290-2982605","B0DBZ3PDH4","SELLABLE","NOT_AS_DESCRIBED","the colors aren&#39;t what they appear"
2025-01-23 21:22:43,"113-1088374-4905027","B0DBVKBXCB","CUSTOMER_DAMAGED","UNWANTED_ITEM",""
2025-01-23 21:04:33,"114-2797450-9883411","B0DBZGL9YS","SELLABLE","UNWANTED_ITEM","Colors didn’t match the decor and material was not what I was looking for"
2025-01-23 12:40:38,"114-4079711-4239401","B0DBYV567L","CUSTOMER_DAMAGED","ORDERED_WRONG_ITEM",""
2025-01-23 12:21:47,"114-4475823-0733820","B0DBZGL9YS","SELLABLE","UNWANTED_ITEM","Too small for my room."
2025-01-23 09:33:43,"111-5722479-8602660","B0DBYXH8YW","SELLABLE","UNWANTED_ITEM","Too dark"
2025-01-23 07:55:22,"113-4026791-9431438","B0DBYV7V8N","SELLABLE","UNWANTED_ITEM","Too thin"
2025-01-23 04:57:35,"111-7078268-3101847","B0DBYYXW44","SELLABLE","FOUND_BETTER_PRICE","Better price available"
2025-01-22 21:33:33,"113-5291632-2772210","B0DBYMRB1C","CUSTOMER_DAMAGED","UNWANTED_ITEM",""
2025-01-22 20:22:54,"114-8006820-4317007","B0DBYSVWYJ","CUSTOMER_DAMAGED","UNWANTED_ITEM",""
2025-01-22 17:55:00,"114-8006820-4317007","B0DBYSVWYJ","SELLABLE","UNWANTED_ITEM","Wasn’t what I was expecting"
2025-01-21 16:40:13,"111-9658693-0290628","B0DBYX9CK6","SELLABLE","UNWANTED_ITEM","No longer needed"
2025-01-21 09:21:14,"114-1336038-0236207","B0DBZ56PC3","SELLABLE","UNWANTED_ITEM","Changed mind"
2025-01-21 07:57:21,"113-1615287-4987432","B0DBYSVWYJ","SELLABLE","UNWANTED_ITEM","Color and pattern ended up not being right for the room for which I I purchased it."
2025-01-21 01:26:59,"111-2515872-5849857","B0DBVM7S5P","SELLABLE","UNWANTED_ITEM","Too much blue in the rug."
2025-01-20 23:00:57,"113-2748665-3903469","B0DBY8NGRN","SELLABLE","UNWANTED_ITEM","It’s cheap looking"
2025-01-20 21:09:57,"114-9940623-8409800","B0DBZ767W8","CUSTOMER_DAMAGED","ORDERED_WRONG_ITEM",""
2025-01-20 17:05:43,"114-1641355-4180262","B0DBVKS2S4","SELLABLE","UNWANTED_ITEM","Not opened"
2025-01-20 16:09:31,"113-2861269-1382638","B0DBYYVZMX","SELLABLE","UNWANTED_ITEM","I changed my mind about rug pattern"
2025-01-20 15:55:29,"114-3556732-7657064","B0DBYW49QF","SELLABLE","UNWANTED_ITEM","dont need"
2025-01-20 13:44:23,"114-8892698-2213837","B0DBYT5KQ7","CUSTOMER_DAMAGED","DEFECTIVE",""
2025-01-20 10:59:41,"114-2639638-3728257","B0DBZ697XG","SELLABLE","UNWANTED_ITEM","Need something different"
2025-01-20 09:30:05,"111-7801432-3033068","B0DBZB9JY5","SELLABLE","UNWANTED_ITEM","Re ordering in a 6x9 need larger size"
2025-01-20 07:02:39,"112-3034315-5653821","B0DBYSVWYJ","SELLABLE","NOT_AS_DESCRIBED","Backgroundncolor is pure white and not beige as described"
2025-01-19 17:59:31,"114-8812453-5379452","B0DBVM2KQN","SELLABLE","MISSED_ESTIMATED_DELIVERY","too late"
2025-01-19 05:52:59,"113-6222847-7953045","B0DBVPKNL7","SELLABLE","UNDELIVERABLE_REFUSED",""
2025-01-19 05:12:46,"113-6248729-1009040","B0DBZ7YNH5","SELLABLE","NOT_AS_DESCRIBED","These rugs were not at all like they were described. very disappointing…"
2025-01-19 05:12:46,"113-6248729-1009040","B0DBZ7YNH5","SELLABLE","NOT_AS_DESCRIBED","These rugs were not at all like they were described. very disappointing…"
2025-01-18 17:41:30,"111-1958498-6481864","B0DBYW49QF","CUSTOMER_DAMAGED","NOT_AS_DESCRIBED",""
2025-01-18 17:27:18,"113-6985305-2082635","B0DBYLGSS5","CUSTOMER_DAMAGED","ORDERED_WRONG_ITEM",""
2025-01-18 05:15:07,"111-5238911-3353008","B0DBYVNMF8","CUSTOMER_DAMAGED","NOT_AS_DESCRIBED",""
2025-01-18 01:39:08,"114-8888770-2293033","B0DBYV7V8N","CUSTOMER_DAMAGED","UNWANTED_ITEM",""
2025-01-17 23:00:27,"113-1274880-0609869","B0DBYV7V8N","CUSTOMER_DAMAGED","NOT_AS_DESCRIBED",""
2025-01-17 21:42:58,"112-3492165-3865008","B0DBYW49QF","CUSTOMER_DAMAGED","UNWANTED_ITEM",""
2025-01-17 17:34:42,"113-9712581-1681838","B0DBYVNMF8","SELLABLE","NOT_AS_DESCRIBED","Not happy with how thin the carpet is and does allow to vacuum nicely"
2025-01-17 14:11:34,"114-8651951-6369004","B0DBZ56PC3","SELLABLE","MISSED_ESTIMATED_DELIVERY","Delivered too late to use for what is was purchased for"
2025-01-17 09:19:08,"111-7879368-9341867","B0DBVM7S5P","SELLABLE","DEFECTIVE","Ordered 2 of these, one in green &amp; beige. The color or the green rug, which I opened was much lighter than was showing on line so I did not open this one."
2025-01-17 07:42:33,"113-5344831-6118616","B0DBZ697XG","SELLABLE","UNWANTED_ITEM","N/a"
2025-01-17 07:20:15,"113-1462351-9695431","B0DBVPKNL7","CUSTOMER_DAMAGED","UNWANTED_ITEM",""
2025-01-16 22:42:34,"113-8183739-5944207","B0DBYSVWYJ","CUSTOMER_DAMAGED","ORDERED_WRONG_ITEM",""
2025-01-16 22:03:17,"112-3580356-8926606","B0DBZ7YNH5","SELLABLE","UNWANTED_ITEM","Not as expected"
2025-01-16 21:10:36,"114-9381348-4749003","B0DBVNXDMY","SELLABLE","UNWANTED_ITEM","The rug does not fit my space like I thought it would."
2025-01-15 19:30:59,"114-3733959-8359460","B0DBZGL9YS","CUSTOMER_DAMAGED","UNWANTED_ITEM",""
2025-01-15 18:56:31,"113-9712581-1681838","B0DBYZ1P1H","CUSTOMER_DAMAGED","NOT_AS_DESCRIBED",""
2025-01-15 12:14:42,"113-4137889-8483455","B0DBYV567L","SELLABLE","UNWANTED_ITEM","Not needed"
2025-01-15 11:30:06,"112-6832687-6360204","B0DBVJDNXF","SELLABLE","MISSED_ESTIMATED_DELIVERY","arrived too late"
2025-01-15 10:06:59,"113-0501892-5411449","B0DBYY5XMP","CUSTOMER_DAMAGED","NOT_AS_DESCRIBED",""
2025-01-14 21:25:39,"113-2402668-8877027","B0DBZ3PDH4","CUSTOMER_DAMAGED","NOT_AS_DESCRIBED",""
2025-01-14 07:26:55,"114-9874039-7759428","B0DBVMLB8P","SELLABLE","SWITCHEROO","This is not the rug that was ordered."
2025-01-14 05:32:45,"113-0911040-7139440","B0DBVKBXCB","SELLABLE","NOT_AS_DESCRIBED","The rug is blue. Nothing on the description says blue. Big disappointment"
2025-01-14 04:34:49,"113-8740136-8345046","B0DBZ7YNH5","SELLABLE","UNWANTED_ITEM","The color doesn&#39;t match the room decor."
2025-01-13 18:58:47,"112-8019203-1426655","B0DBVKS2S4","SELLABLE","UNWANTED_ITEM","Sizing wasn’t right for the space"
2025-01-13 18:52:57,"112-7303121-1887408","B0DBYV7V8N","CUSTOMER_DAMAGED","NOT_AS_DESCRIBED",""
2025-01-13 04:59:19,"111-4199556-3894647","B0DBZ526W9","SELLABLE","UNWANTED_ITEM","Color and Size wasn’t going to work for space"
2025-01-13 04:08:58,"114-8958739-5146608","B0DBVPWW8F","CUSTOMER_DAMAGED","UNWANTED_ITEM",""
2025-01-13 04:01:41,"114-5737756-0933800","B0DBVM7S5P","CUSTOMER_DAMAGED","ORDERED_WRONG_ITEM",""
2025-01-11 20:19:31,"111-4098436-2766650","B0DBY8NGRN","CUSTOMER_DAMAGED","UNWANTED_ITEM",""
2025-01-11 19:41:01,"114-3945209-5732202","B0DBVNT5V3","SELLABLE","UNWANTED_ITEM","Love the pattern! Size didn&#39;t work for area"
2025-01-11 19:40:25,"114-1227836-7369054","B0DBVNT5V3","SELLABLE","UNWANTED_ITEM","Love the pattern! Size didn&#39;t work for area"
2025-01-11 10:58:18,"112-3111400-2537054","B0DBYVNMF8","SELLABLE","UNWANTED_ITEM","Too much white for my high traffic area."
2025-01-11 05:16:06,"112-7786272-7271416","B0DBVPWW8F","SELLABLE","UNWANTED_ITEM","Don’t need it"
2025-01-11 04:10:22,"113-2259500-9553853","B0DBYYVZMX","SELLABLE","NOT_AS_DESCRIBED","Didn’t like colors and texture in person"
2025-01-11 02:41:36,"114-6192645-4004217","B0DBYT5KQ7","SELLABLE","UNWANTED_ITEM","Too small"
2025-01-10 14:50:02,"114-4516808-2394668","B0DBYX9CK6","SELLABLE","NOT_AS_DESCRIBED",NA
2025-01-10 08:41:01,"114-0354005-8911429","B0DBVKBXCB","CUSTOMER_DAMAGED","UNWANTED_ITEM",""
2025-01-09 23:49:22,"111-8719614-1985036","B0DBZ7YNH5","SELLABLE","NOT_AS_DESCRIBED","color is not orange it is more like rust and not solid lines"
2025-01-09 13:12:05,"111-2350414-0243402","B0DBYMRB1C","CUSTOMER_DAMAGED","UNWANTED_ITEM",""
2025-01-09 12:45:39,"113-8131667-8126661","B0DBYY5XMP","SELLABLE","UNWANTED_ITEM","The carpet size is smaller for the area. So buying a bigger size."
2025-01-09 08:11:00,"114-8218217-8093804","B0DBY8NGRN","SELLABLE","FOUND_BETTER_PRICE","Don’t like"
2025-01-07 21:30:16,"113-6540091-6889829","B0DBYXH8YW","CUSTOMER_DAMAGED","NOT_AS_DESCRIBED",""
2025-01-06 19:41:32,"114-8071052-3082612","B0DBZ7YNH5","CUSTOMER_DAMAGED","NOT_AS_DESCRIBED",""
2025-01-06 01:37:37,"111-3737820-0397034","B0DBYXH8YW","DEFECTIVE","UNWANTED_ITEM","The rug is too small, I’d like to return it. I’ve already placed an order for the larger size from you"
2025-01-05 12:49:56,"113-1946515-0291410","B0DBZ7YNH5","SELLABLE","UNWANTED_ITEM","No longer needed"
2025-01-05 12:46:46,"113-1946515-0291410","B0DBYMRB1C","SELLABLE","UNWANTED_ITEM","No longer needed"
2025-01-04 12:30:53,"112-8904843-9956246","B0DBYVNMF8","SELLABLE","DEFECTIVE","pattern is not as expected"
2025-01-03 14:25:04,"111-7397949-5538616","B0DBYV7V8N","CUSTOMER_DAMAGED","UNWANTED_ITEM",""
2025-01-03 12:40:29,"113-5895531-2818604","B0DBYMRB1C","SELLABLE","DEFECTIVE","The color was not the same as the web color."
2025-01-03 11:27:31,"112-5214594-5459447","B0DBZ3PDH4","SELLABLE","UNWANTED_ITEM","To big"
2025-01-03 04:54:05,"112-0261348-0826655","B0DBZ697XG","CUSTOMER_DAMAGED","UNWANTED_ITEM",""
2025-01-02 23:20:49,"702-0509968-4547439","B0DBVPWW8F","CUSTOMER_DAMAGED","NOT_COMPATIBLE",""
2025-01-02 17:56:32,"112-7833789-4076229","B0DBYZM1X6","SELLABLE","UNWANTED_ITEM","Ordered same product in larger size. Need to return the smaller unopened sealed package (but box was opened)"
2025-01-02 10:21:16,"114-0987839-8249057","B0DBVKBXCB","SELLABLE","UNWANTED_ITEM","got a cheaper rug"
2025-01-01 23:14:00,"113-6061996-7892257","B0DBZB9JY5","SELLABLE","UNWANTED_ITEM","Don’t need. Don’t like it that area"
2025-01-01 22:48:32,"111-6060788-6729032","B0DBZGL9YS","CUSTOMER_DAMAGED","UNWANTED_ITEM",""
2025-01-01 20:08:37,"111-3178206-0131417","B0DBZGL9YS","SELLABLE","NOT_AS_DESCRIBED","Printed not tufted"
2024-12-31 07:38:19,"113-2496235-7245027","B0DBYXH8YW","SELLABLE","UNWANTED_ITEM","Going to get the cream colored one instead!"
2024-12-30 21:32:00,"111-5479313-6550642","B0DBVMLB8P","SELLABLE","SWITCHEROO","WRONG RUG ENTIRELY!"
2024-12-29 21:27:52,"114-9692458-3717008","B0DBYT5KQ7","CUSTOMER_DAMAGED","ORDERED_WRONG_ITEM",""
2024-12-29 18:49:09,"111-3936038-2708245","B0DBVN24HV","SELLABLE","UNWANTED_ITEM","Item made out of plastic which I&#39;m trying to limit exposure to"
2024-12-29 06:40:35,"112-3709933-6307444","B0DBVNT5V3","SELLABLE","FOUND_BETTER_PRICE","Found a better rug, less expensive on Temu"
2024-12-28 22:33:15,"111-8680457-7338634","B0DBVM7S5P","CUSTOMER_DAMAGED","UNWANTED_ITEM",""
2024-12-28 16:38:26,"113-6477163-6427459","B0DBVPKNL7","CUSTOMER_DAMAGED","NOT_AS_DESCRIBED",""
2024-12-28 05:13:26,"111-5479313-6550642","B0DBVM69Y6","CUSTOMER_DAMAGED","SWITCHEROO",""
2024-12-27 22:28:59,"114-4382618-8572227","B0DBVNT5V3","CUSTOMER_DAMAGED","UNWANTED_ITEM",""
2024-12-27 22:19:28,"112-4939764-0417023","B0DBYY5XMP","SELLABLE","NOT_AS_DESCRIBED","Color depiction on my device was not like what I received."
2024-12-26 10:02:39,"113-7771572-5998656","B0DBYXH8YW","CUSTOMER_DAMAGED","DEFECTIVE",""
2024-12-26 03:48:03,"113-5127692-4173050","B0DBZ697XG","SELLABLE","ORDERED_WRONG_ITEM","It didn’t look good in my house"
2024-12-24 09:34:48,"114-3746267-0422620","B0DBYSVWYJ","SELLABLE","ORDERED_WRONG_ITEM",""
2024-12-23 23:57:00,"111-5840552-7668252","B0DBYYVZMX","CUSTOMER_DAMAGED","DEFECTIVE",""
2024-12-23 06:28:42,"112-0743612-9984244","B0DBYMRB1C","CUSTOMER_DAMAGED","UNWANTED_ITEM",""
2024-12-22 19:44:33,"111-4928543-9772257","B0DBYMRB1C","SELLABLE","UNWANTED_ITEM","Does not work with Dyson"
2024-12-22 17:06:56,"114-8182820-2597854","B0DBYVNMF8","SELLABLE","UNWANTED_ITEM","The item does not match what I need."
2024-12-22 16:53:54,"113-5617324-0852208","B0DBZ5DYF4","CUSTOMER_DAMAGED","UNWANTED_ITEM",""
2024-12-22 07:47:23,"114-4949158-3753859","B0DBZ697XG","CUSTOMER_DAMAGED","UNWANTED_ITEM",""
2024-12-21 17:52:12,"114-8376698-3312250","B0DBYSVWYJ","SELLABLE","ORDERED_WRONG_ITEM","I didn’t measure properly and this was to big"
2024-12-21 12:15:30,"113-0673891-7245030","B0DBVM7S5P","CUSTOMER_DAMAGED","ORDERED_WRONG_ITEM",""
2024-12-21 06:29:02,"113-0107374-1996229","B0DBVM69Y6","CUSTOMER_DAMAGED","NOT_AS_DESCRIBED",""
2024-12-20 21:59:07,"112-0304226-1069814","B0DBVMDM69","CUSTOMER_DAMAGED","SWITCHEROO",""
2024-12-20 15:48:16,"112-3566347-0333821","B0DBVKS2S4","CUSTOMER_DAMAGED","NOT_AS_DESCRIBED",""
2024-12-20 11:07:44,"114-6997810-0609809","B0DBZGL9YS","CUSTOMER_DAMAGED","ORDERED_WRONG_ITEM",""
2024-12-19 23:32:49,"112-1904610-7747413","B0DBYVNMF8","SELLABLE","UNDELIVERABLE_UNKNOWN",""
2024-12-19 18:55:38,"114-7413309-2414639","B0DBZ56PC3","CUSTOMER_DAMAGED","DEFECTIVE",""
2024-12-19 16:55:52,"111-8588309-9579444","B0DBZ526W9","CUSTOMER_DAMAGED","UNWANTED_ITEM",""
2024-12-19 07:51:34,"701-0547035-3296217","B0DBZ767W8","SELLABLE","NOT_AS_DESCRIBED","This rug is very white. I am looking for a tan rug."
2024-12-19 05:10:08,"111-6667913-1001040","B0DBVNT5V3","SELLABLE","UNWANTED_ITEM","Color is different"
2024-12-18 22:16:06,"111-4266814-2641856","B0DBVM7S5P","SELLABLE","UNWANTED_ITEM","Not needed"
2024-12-18 18:37:41,"111-7209077-7445060","B0DBVNXDMY","CUSTOMER_DAMAGED","UNWANTED_ITEM",""
2024-12-18 07:38:27,"114-6099531-0226604","B0DBVMLB8P","DEFECTIVE","SWITCHEROO","Sent pink rug  not green"
2024-12-18 01:28:07,"114-0950478-8787455","B0DBZ56PC3","CUSTOMER_DAMAGED","DEFECTIVE",""
2024-12-17 22:35:22,"112-0559890-8809010","B0DBVMLB8P","SELLABLE","NOT_AS_DESCRIBED","Inaccurate shade of green"
2024-12-17 16:46:11,"113-6130890-1443468","B0DBYSVWYJ","DEFECTIVE","UNWANTED_ITEM","do not like design"
2024-12-17 13:59:49,"702-1079449-0288223","B0DBZ767W8","CUSTOMER_DAMAGED","NOT_COMPATIBLE",""
2024-12-17 07:13:25,"112-5428114-7268264","B0DBZ697XG","SELLABLE","UNWANTED_ITEM","Not suitable for area I entended"
2024-12-17 06:52:42,"113-8532050-2674636","B0DBZ4M9KK","CUSTOMER_DAMAGED","UNWANTED_ITEM",""
2024-12-17 06:45:45,"114-8962939-7905852","B0DBYYVZMX","CUSTOMER_DAMAGED","UNWANTED_ITEM",""
2024-12-17 04:47:25,"112-0260525-9236252","B0DBZ1H9PP","CUSTOMER_DAMAGED","DAMAGED_BY_FC",""
2024-12-17 03:57:32,"111-7483343-5991400","B0DBYZ1P1H","CUSTOMER_DAMAGED","ORDERED_WRONG_ITEM",""
2024-12-16 17:12:29,"112-2713958-1505800","B0DBYW12W5","SELLABLE","UNWANTED_ITEM","Too big for soace"
2024-12-16 13:30:29,"114-0030596-5680249","B0DBVM2KQN","CUSTOMER_DAMAGED","DEFECTIVE",""
2024-12-16 12:45:25,"114-2265807-7037066","B0DBYYVZMX","CUSTOMER_DAMAGED","UNWANTED_ITEM",""
2024-12-16 11:48:03,"113-9705465-9934628","B0DBZ5DYF4","CUSTOMER_DAMAGED","FOUND_BETTER_PRICE",""
2024-12-16 11:01:41,"114-6045183-9659435","B0DBVN24HV","CUSTOMER_DAMAGED","DEFECTIVE",""
2024-12-16 10:58:38,"114-7711805-3773838","B0DBYV567L","CUSTOMER_DAMAGED","UNWANTED_ITEM",""
2024-12-16 08:46:01,"114-7711805-3773838","B0DBYX9CK6","CUSTOMER_DAMAGED","UNWANTED_ITEM",""
2024-12-16 05:50:22,"114-6429153-5020266","B0DBVKBXCB","CUSTOMER_DAMAGED","DAMAGED_BY_CARRIER",""
2024-12-15 19:31:33,"113-9108509-8495418","B0DBZ5DYF4","CUSTOMER_DAMAGED","DEFECTIVE",""
2024-12-15 17:28:21,"111-9619732-6800268","B0DBZ767W8","CUSTOMER_DAMAGED","NOT_AS_DESCRIBED",""
2024-12-15 08:12:33,"113-9350383-8629045","B0DBZB9JY5","CUSTOMER_DAMAGED","UNWANTED_ITEM",""
2024-12-14 03:37:15,"112-1683738-7435438","B0DBZ526W9","SELLABLE","NOT_AS_DESCRIBED","Not cute"
2024-12-13 12:15:38,"112-6201161-5285814","B0DBZ76XQH","SELLABLE","UNAUTHORIZED_PURCHASE","Color hue not what expected"
2024-12-13 06:19:28,"112-5433016-7115465","B0DBYVNMF8","CUSTOMER_DAMAGED","UNWANTED_ITEM",""
2024-12-13 03:51:55,"112-8147763-7125848","B0DBYT5KQ7","CUSTOMER_DAMAGED","UNWANTED_ITEM",""
2024-12-12 19:52:40,"113-1358801-1368216","B0DBYW49QF","SELLABLE","UNWANTED_ITEM","Too light in color, not suitable for the area"
2024-12-12 17:18:39,"111-6352042-7144227","B0DBYMRB1C","SELLABLE","UNWANTED_ITEM","Wrong color"
2024-12-12 16:59:51,"114-1252902-2405814","B0DBVPWW8F","CUSTOMER_DAMAGED","UNWANTED_ITEM",""
2024-12-12 05:43:17,"111-2837413-5365004","B0DBYSVWYJ","SELLABLE","UNWANTED_ITEM",""
2024-12-11 18:34:10,"112-6520936-3728251","B0DBYYXW44","SELLABLE","NOT_AS_DESCRIBED","Look too big to the room"
2024-12-11 17:48:57,"114-9372180-5133011","B0DBVNXDMY","SELLABLE","DEFECTIVE","Wrong size"
2024-12-11 12:28:42,"114-1658027-1074664","B0DBZGGRRH","SELLABLE","MISSED_ESTIMATED_DELIVERY","Late delivery"
2024-12-11 00:33:47,"111-0874043-5200227","B0DBVNT5V3","SELLABLE","UNWANTED_ITEM","Wrong color"
2024-12-10 16:07:46,"114-7416053-7428218","B0DBZGL9YS","SELLABLE","UNWANTED_ITEM","Didn&#39;t like the color/design and texture of the rug after seeing it in person."
2024-12-10 11:55:45,"111-1313379-8933804","B0DBY8NGRN","CUSTOMER_DAMAGED","UNWANTED_ITEM",""
2024-12-10 08:16:41,"114-3516514-0637848","B0DBVM2KQN","CUSTOMER_DAMAGED","MISSED_ESTIMATED_DELIVERY",""
2024-12-10 05:30:41,"114-6903115-9807430","B0DBZGL9YS","SELLABLE","UNWANTED_ITEM","Design seems sparse for the bigger size"
2024-12-10 01:59:15,"113-1444835-3156264","B0DBYLGSS5","SELLABLE","NOT_AS_DESCRIBED","The carpet color on the website is different from the actual one in person."
2024-12-09 14:24:13,"113-5306658-8505056","B0DBY8NGRN","CUSTOMER_DAMAGED","DEFECTIVE",""
2024-12-07 22:42:15,"112-7313966-2555412","B0DBZ76XQH","SELLABLE","ORDERED_WRONG_ITEM","Purchased by mistake"
2024-12-07 13:43:46,"113-2637751-6932235","B0DBZGL9YS","CUSTOMER_DAMAGED","UNWANTED_ITEM",""
2024-12-06 16:44:52,"112-6917424-4282664","B0DBYVNMF8","SELLABLE","UNWANTED_ITEM","Too big"
2024-12-06 12:08:43,"114-8518786-9145014","B0DBZ7YNH5","CUSTOMER_DAMAGED","UNWANTED_ITEM",""
2024-12-06 11:55:26,"114-2051727-9901026","B0DBYP9F11","SELLABLE","UNDELIVERABLE_REFUSED",""
2024-12-06 11:46:27,"113-4219281-6314615","B0DBYSVWYJ","SELLABLE","MISSED_ESTIMATED_DELIVERY","I do not like it in the room"
2024-12-06 10:31:18,"112-0494165-7921061","B0DBVMLB8P","CUSTOMER_DAMAGED","UNWANTED_ITEM",""
2024-12-06 07:18:08,"112-0746693-0015439","B0DBVMLB8P","SELLABLE","UNDELIVERABLE_REFUSED",""
2024-12-06 06:29:39,"111-8633249-2613001","B0DBY8NGRN","SELLABLE","UNWANTED_ITEM","Doesn’t match"
2024-12-06 06:12:53,"111-0991120-6437029","B0DBYYVZMX","SELLABLE","UNWANTED_ITEM","Did not fit with the space"
2024-12-06 01:39:49,"701-3252574-2555443","B0DBZ7YNH5","CUSTOMER_DAMAGED","QUALITY_UNACCEPTABLE",""
2024-12-05 23:51:49,"112-7149281-4697035","B0DBVKBXCB","SELLABLE","UNWANTED_ITEM","N/A"
2024-12-05 17:38:18,"113-4337261-7630623","B0DBZB9JY5","CUSTOMER_DAMAGED","QUALITY_UNACCEPTABLE",""
2024-12-05 17:38:18,"113-4337261-7630623","B0DBYX9CK6","CUSTOMER_DAMAGED","QUALITY_UNACCEPTABLE",""
2024-12-05 15:57:37,"111-6397237-3134635","B0DBYZKLW1","CUSTOMER_DAMAGED","ORDERED_WRONG_ITEM",""
2024-12-05 07:30:08,"112-3211274-1149018","B0DBYSVWYJ","CUSTOMER_DAMAGED","NOT_AS_DESCRIBED",""
2024-12-05 03:26:43,"114-4125792-6581846","B0DBYV7V8N","SELLABLE","UNWANTED_ITEM","Ordered different one"
2024-12-04 22:12:21,"111-7349402-2650654","B0DBZGL9YS","CUSTOMER_DAMAGED","UNWANTED_ITEM",""
2024-12-04 19:30:27,"114-3541043-9051451","B0DBZGGRRH","SELLABLE","NOT_AS_DESCRIBED","too thin for the space and design much bolder than it looked on the website."
2024-12-04 07:38:00,"113-4406068-6721802","B0DBVN24HV","CUSTOMER_DAMAGED","ORDERED_WRONG_ITEM",""
2024-12-04 06:14:22,"114-9811368-6285807","B0DBVKBXCB","SELLABLE","NOT_AS_DESCRIBED","Not opened, could see colors through packaging. Colors very different in person"
2024-12-04 06:02:12,"111-5217840-9485842","B0DBZGGRRH","CUSTOMER_DAMAGED","UNWANTED_ITEM",""
2024-12-03 10:13:57,"114-3343109-1981848","B0DBVJDNXF","CUSTOMER_DAMAGED","UNWANTED_ITEM",""
2024-12-03 07:38:27,"112-5633235-0705864","B0DBY8NGRN","CUSTOMER_DAMAGED","DEFECTIVE",""
2024-12-03 06:44:17,"113-2171242-3027413","B0DBZ56PC3","CUSTOMER_DAMAGED","UNWANTED_ITEM",""
2024-12-02 13:02:26,"111-2761225-1832218","B0DBYT5KQ7","CUSTOMER_DAMAGED","DEFECTIVE",""
2024-12-02 12:18:22,"114-3775843-1377869","B0DBVMLB8P","CUSTOMER_DAMAGED","DEFECTIVE",""
2024-12-02 11:30:35,"111-4554591-8196242","B0DBYV7V8N","SELLABLE","UNWANTED_ITEM","Color isn’t right"
2024-12-01 01:12:53,"111-2884974-6179459","B0DBZ697XG","DEFECTIVE","UNWANTED_ITEM","Wrong color"
2024-11-30 22:19:09,"114-7249130-7197800","B0DBY8NGRN","SELLABLE","UNWANTED_ITEM","Doesn’t match decor"
2024-11-30 19:04:23,"114-9074481-0737050","B0DBYX9CK6","DEFECTIVE","FOUND_BETTER_PRICE","Better price found."
2024-11-30 10:51:51,"114-7232204-1371405","B0DBVMLB8P","SELLABLE","NOT_AS_DESCRIBED","Don’t like the color"
2024-11-29 23:36:24,"111-3030849-8277811","B0DBVPWW8F","CUSTOMER_DAMAGED","UNWANTED_ITEM",""
2024-11-29 07:45:44,"111-2607305-4380226","B0DBVMLB8P","CUSTOMER_DAMAGED","NOT_AS_DESCRIBED",""
2024-11-29 06:13:34,"114-2126761-6990615","B0DBYZ1P1H","CUSTOMER_DAMAGED","DEFECTIVE",""
2024-11-29 05:12:34,"112-5179496-3254632","B0DBVM2KQN","SELLABLE","UNWANTED_ITEM","Colors are not good for my space"
2024-11-28 05:56:25,"114-7756526-2806646","B0DBYMRB1C","SELLABLE","DEFECTIVE","wrong size"
2024-11-27 11:38:29,"113-0726006-0742629","B0DBYZKLW1","SELLABLE","UNWANTED_ITEM","I don’t like the texture"
2024-11-27 07:26:13,"114-1512219-8052260","B0DBZ5DYF4","CUSTOMER_DAMAGED","UNWANTED_ITEM",""
2024-11-25 17:23:35,"113-5616325-9043446","B0DBVPWW8F","CUSTOMER_DAMAGED","UNWANTED_ITEM",""
2024-11-25 17:23:35,"113-5616325-9043446","B0DBVJDNXF","SELLABLE","UNWANTED_ITEM","Not colorful enough"
2024-11-25 15:54:52,"111-4150817-1729869","B0DBZ76XQH","CUSTOMER_DAMAGED","NOT_AS_DESCRIBED",""
2024-11-25 12:32:46,"114-0090003-0347404","B0DBZ767W8","CUSTOMER_DAMAGED","UNWANTED_ITEM",""
2024-11-25 05:01:47,"114-0602472-2042622","B0DBVM69Y6","CUSTOMER_DAMAGED","NOT_AS_DESCRIBED",""
2024-11-24 22:31:46,"114-1637533-1581054","B0DBVPWW8F","SELLABLE","NOT_AS_DESCRIBED","W"
2024-11-24 21:19:51,"113-7338048-1115469","B0DBZ3PDH4","CUSTOMER_DAMAGED","NOT_AS_DESCRIBED",""
2024-11-24 18:15:14,"111-2715858-0314617","B0DBZ7YNH5","SELLABLE","UNWANTED_ITEM","It&#39;s too light"
2024-11-23 21:39:16,"111-4256034-5098656","B0DBYYVZMX","CUSTOMER_DAMAGED","ORDERED_WRONG_ITEM",""
2024-11-23 00:21:47,"111-2647991-8101019","B0DBVN24HV","SELLABLE","UNWANTED_ITEM","It’s too big returning for smaller size."
2024-11-22 07:40:00,"112-7020919-0344208","B0DBVKBXCB","SELLABLE","NOT_AS_DESCRIBED","Colors are too contrasting"
2024-11-21 17:57:14,"113-3406817-5330651","B0DBZ7YNH5","SELLABLE","UNWANTED_ITEM","Doesn’t match"
2024-11-21 15:21:36,"113-7453492-0515412","B0DBYSVWYJ","SELLABLE","UNWANTED_ITEM","Didn’t like"
2024-11-20 19:25:08,"111-1293149-1944209","B0DBYV7V8N","SELLABLE","UNWANTED_ITEM","Too small for space."
2024-11-20 04:58:09,"112-4061335-9485004","B0DBZ76XQH","SELLABLE","UNWANTED_ITEM","Too light for area"
2024-11-19 16:17:05,"112-6296660-0776258","B0DBVM2KQN","SELLABLE","ORDERED_WRONG_ITEM","Accidentally ordered 2x"
2024-11-19 13:18:11,"114-5653637-2586613","B0DBYV7V8N","SELLABLE","UNWANTED_ITEM","Quality and color not as expected."
2024-11-19 08:09:26,"113-0008484-2065800","B0DBVKBXCB","CUSTOMER_DAMAGED","NOT_AS_DESCRIBED",""
2024-11-18 17:33:54,"114-5418932-4769820","B0DBZB9JY5","SELLABLE","NOT_AS_DESCRIBED","Arrived folded and not as thick as pictured for a high traffic area"
2024-11-18 16:57:03,"111-5831858-9658622","B0DBYLGSS5","SELLABLE","NOT_AS_DESCRIBED","The colors were too faint"
2024-11-17 10:55:28,"114-2629605-7179410","B0DBZGL9YS","SELLABLE","NOT_AS_DESCRIBED","Rug very thin"
2024-11-16 05:46:45,"112-2083493-9489043","B0DBZ1H9PP","CUSTOMER_DAMAGED","UNWANTED_ITEM",""
2024-11-16 00:32:17,"114-2027077-5773018","B0DBYV7V8N","SELLABLE","UNWANTED_ITEM","Too small - I reordered in a larger size"
2024-11-15 07:29:55,"111-2147165-3153854","B0DBVM7S5P","CUSTOMER_DAMAGED","UNWANTED_ITEM",""
2024-11-14 18:18:43,"113-8185125-6501862","B0DBYMRB1C","SELLABLE","DEFECTIVE","Did not like design"
2024-11-14 07:35:37,"112-8418972-1278665","B0DBYYVZMX","CUSTOMER_DAMAGED","DEFECTIVE",""
2024-11-13 17:35:20,"113-2094887-1791419","B0DBYT5KQ7","CUSTOMER_DAMAGED","DEFECTIVE",""
2024-11-13 11:05:35,"113-9826791-3647464","B0DBY8NGRN","CUSTOMER_DAMAGED","UNWANTED_ITEM",""
2024-11-12 20:08:04,"114-6212975-0515454","B0DBZ7YNH5","CUSTOMER_DAMAGED","UNWANTED_ITEM",""
2024-11-12 11:55:55,"114-0805637-3141841","B0DBZ767W8","CUSTOMER_DAMAGED","NOT_AS_DESCRIBED",""
2024-11-12 10:27:17,"112-4739175-4541823","B0DBZGL9YS","CUSTOMER_DAMAGED","UNWANTED_ITEM",""
2024-11-12 05:56:47,"112-7198876-8374664","B0DBYT5KQ7","SELLABLE","UNWANTED_ITEM","Color was not right for what I needed"
2024-11-12 05:49:55,"113-4977823-2252256","B0DBZ56PC3","SELLABLE","UNDELIVERABLE_UNKNOWN",""
2024-11-12 01:19:32,"111-7340379-8701838","B0DBZGL9YS","SELLABLE","DEFECTIVE","Product will not work for me"
2024-11-11 18:59:59,"114-7344012-0442619","B0DBYXH8YW","CUSTOMER_DAMAGED","NOT_AS_DESCRIBED",""
2024-11-10 18:04:07,"114-8673877-6002612","B0DBYYXW44","CUSTOMER_DAMAGED","NOT_AS_DESCRIBED",""
2024-11-10 10:45:15,"112-2000642-8932232","B0DBZ697XG","CUSTOMER_DAMAGED","NOT_AS_DESCRIBED",""
2024-11-08 22:08:47,"111-6932516-3611411","B0DBYSVWYJ","CUSTOMER_DAMAGED","UNWANTED_ITEM",""
2024-11-07 08:32:11,"113-0346171-3793046","B0DBYYVZMX","SELLABLE","UNWANTED_ITEM","The color doesn’t match the rest of my decor"
2024-11-05 08:53:59,"111-1145675-4363410","B0DBVMLB8P","SELLABLE","NOT_AS_DESCRIBED","The rugs look grey and brown, not sage green, like it shows in the ad photo."
2024-11-03 15:45:43,"111-8930235-4583460","B0DBVPWW8F","SELLABLE","NOT_AS_DESCRIBED","The color of the rugs is grey and brown, not sage green as seen in the ad photo."
2024-11-03 15:45:43,"111-8930235-4583460","B0DBVPWW8F","SELLABLE","NOT_AS_DESCRIBED","The color of the rugs is grey and brown, not sage green as seen in the ad photo."
2024-11-03 08:53:23,"111-8930235-4583460","B0DBVMLB8P","CUSTOMER_DAMAGED","NOT_AS_DESCRIBED",""
2024-10-31 16:52:25,"701-8863674-9241828","B0DBZ7YNH5","SELLABLE","NOT_COMPATIBLE","colour a deeper orange than expected. looking for a yellowy orange"
2024-10-26 15:21:30,"114-3292066-6089823","B0DBZGGRRH","SELLABLE","NO_REASON_GIVEN",""
2024-10-20 12:51:11,"111-0137979-4409874","B0DBYXH8YW","CUSTOMER_DAMAGED","UNWANTED_ITEM",""
2024-10-20 07:17:19,"113-9859677-5165868","B0DBYYXW44","SELLABLE","UNWANTED_ITEM","Too thin, can’t vacuum"
